memorial_id,title,country,bl_org_name,bl_website,bl_contact_name,bl_specific_branch,parish_council_name,parish_council_website,trust_or_group_name,trust_website,historical_society_name,historical_society_website,other_contacts_count,notes
amsterdam-war-memorial,Amsterdam Aviation War Memorial,Netherlands,,,,,,,,,,,0,
annesley-eh988,Annesley Stirling Memorial,United Kingdom,Hucknall Royal British Legion,https://counties.britishlegion.org.uk/counties/nottinghamshire/contact-us/branches/,,NO,Annesley and Felley Parish Council,,,,,,0,
ardleigh-dt800,Ardleigh II Memorial,United Kingdom,Wickford & District Royal British Legion,https://counties.britishlegion.org.uk/counties/essex/contact-us/,,NO,Ardleigh Parish Council,,,,,,0,
auckland-bomber-command-memorial,"Bomber Command Memorial, Auckland",New Zealand,,,,,,,,,,,0,
bacton-hudson-v-9097,Bacton V-9097 Memorial,United Kingdom,North Walsham & District Royal British Legion,https://counties.britishlegion.org.uk/counties/norfolk/contact-us/branches/,,NO,Bacton Parish Council,,,,,,0,
balkholme-1-lk834,Balkholme (1) Halifax Memorial,United Kingdom,Goole & Howden Royal British Legion,https://counties.britishlegion.org.uk/counties/north-east-yorkshire-county/county-branches/,,NO,Balkholme Parish Meeting,,,,,,0,
balkholme-2-mz696,Balkholme (2) Halifax Memorial,United Kingdom,Goole & Howden Royal British Legion,https://counties.britishlegion.org.uk/counties/north-east-yorkshire-county/county-branches/,,NO,Balkholme Parish Meeting,,,,,,0,
bassingham-fen-eh977,Bassingham Fen Stirling Memorial,United Kingdom,City of Lincoln Royal British Legion,https://counties.britishlegion.org.uk/counties/lincolnshire/branches-contacts/,,NO,Bassingham Parish Council,,,,,,0,
bawdeswell-kb364,Bawdeswell Mosquito Memorial,United Kingdom,Reepham & District Royal British Legion,https://counties.britishlegion.org.uk/counties/norfolk/contact-us/branches/,,NO,Bawdeswell Parish Council,,,,,,0,
beetley-bj764,Beetley Wellington Memorial,United Kingdom,Dereham Royal British Legion,https://counties.britishlegion.org.uk/counties/norfolk/contact-us/branches/,,NO,Beetley Parish Council,,,,,,0,
beinn-edra-b-17g-flying-fortres,Beinn Edra Fortress Memorial,United Kingdom,,,,,,,,,,,1,
bellingdon-pb475,Bellingdon Lancaster Memorial,United Kingdom,Aylesbury Royal British Legion,https://counties.britishlegion.org.uk/counties/buckinghamshire/,,NO,Chartridge Parish Council,,,,,,0,
ben-tirran-muckle-cairn-vickers-wellington,Ben Tirran / Muckle Cairn Wellington Memorial,United Kingdom,,,,,,,,,,,1,
berlin-bomber-command-memorial,Berlin Bomber Command Memorial,Germany,,,,,,,,,,,0,
bicker-nd820,Bicker Lancaster Memorial,United Kingdom,Boston & District Royal British Legion,https://counties.britishlegion.org.uk/counties/lincolnshire/branches-contacts/,,NO,Bicker Parish Council,,,,,,0,
blankney-mid-air-collision-lm130,Blankney (mid-air collision) Lancaster Memorial,United Kingdom,Sleaford & District Royal British Legion,https://counties.britishlegion.org.uk/counties/lincolnshire/branches-contacts/,,NO,Blankney Parish Council,,,,,,0,
bleasby-1-lancaster-r-5703,Bleasby (1) R.5703 Memorial,United Kingdom,Southwell Royal British Legion,https://counties.britishlegion.org.uk/counties/nottinghamshire/contact-us/branches/,,NO,Bleasby Parish Council,https://www.bleasbycommunity.uk,,,,,0,
bleasby-2-lancaster-w-4232,Bleasby (2) W.4232 Memorial,United Kingdom,Southwell Royal British Legion,https://counties.britishlegion.org.uk/counties/nottinghamshire/contact-us/branches/,,NO,Bleasby Parish Council,https://www.bleasbycommunity.uk,,,,,0,
bleasby-3-lancaster-r-5698,Bleasby (3) R.5698 Memorial,United Kingdom,Southwell Royal British Legion,https://counties.britishlegion.org.uk/counties/nottinghamshire/contact-us/branches/,,NO,Bleasby Parish Council,https://www.bleasbycommunity.uk,,,,,0,
bleasby-4-jb132,Bleasby (4) Lancaster Memorial,United Kingdom,Southwell Royal British Legion,https://counties.britishlegion.org.uk/counties/nottinghamshire/contact-us/branches/,,NO,Bleasby Parish Council,https://www.bleasbycommunity.uk,,,,,0,
bleasby-5-wellington-r-1014,Bleasby (5) R.1014 Memorial,United Kingdom,Southwell Royal British Legion,https://counties.britishlegion.org.uk/counties/nottinghamshire/contact-us/branches/,,NO,Bleasby Parish Council,https://www.bleasbycommunity.uk,,,,,0,
bleasby-6-wellington-r-1212,Bleasby (6) R.1212 Memorial,United Kingdom,Southwell Royal British Legion,https://counties.britishlegion.org.uk/counties/nottinghamshire/contact-us/branches/,,NO,Bleasby Parish Council,https://www.bleasbycommunity.uk,,,,,0,
blyth-green-1-he818,Blyth Green (1) Wellington Memorial,United Kingdom,Worksop Royal British Legion,https://counties.britishlegion.org.uk/counties/nottinghamshire/contact-us/branches/,,NO,Blyth Parish Council,,,,,,0,
blyth-green-2-na581,Blyth Green (2) Halifax Memorial,United Kingdom,Worksop Royal British Legion,https://counties.britishlegion.org.uk/counties/nottinghamshire/contact-us/branches/,,NO,Blyth Parish Council,,,,,,0,
blythburgh-liberator-42-110007-,Blythburgh (PB4Y-1) Memorial,United Kingdom,Lowestoft Royal British Legion,https://counties.britishlegion.org.uk/counties/suffolk/contact-us/branches/,,NO,Blythburgh Parish Council,,,,,,0,
bodicote-bk517,Bodicote Wellington Memorial,United Kingdom,Oxford Royal British Legion,https://counties.britishlegion.org.uk/counties/oxfordshire/,,NO,Bodicote Parish Council,,,,,,0,
bomber-county-gateway-r5689-vn-n-,Bomber County Gateway Lancaster Memorial,United Kingdom,City of Lincoln Royal British Legion,https://counties.britishlegion.org.uk/counties/lincolnshire/branches-contacts/,,NO,,,,,,,0,
bransby-at129,Bransby Hampden Memorial,United Kingdom,Gainsborough & District Royal British Legion,https://counties.britishlegion.org.uk/counties/lincolnshire/branches-contacts/,,NO,Bransby Parish Meeting,,,,,,0,
bressingham-bk770,Bressingham Stirling Memorial,United Kingdom,Diss & District Royal British Legion,https://counties.britishlegion.org.uk/counties/norfolk/contact-us/branches/,,NO,Bressingham Parish Council,,,,,,0,
brettenham-stirling-n-3756,Brettenham N.3756 Memorial,United Kingdom,Stowmarket & District Royal British Legion,https://counties.britishlegion.org.uk/counties/suffolk/contact-us/branches/,,NO,Brettenham Parish Council,,,,,,0,
brigstock-dv361,Brigstock Lancaster Memorial,United Kingdom,Daventry & District Royal British Legion,https://counties.britishlegion.org.uk/counties/northamptonshire/local-rbl-branches/,,NO,Brigstock Parish Council,,,,,,0,
brisley-blenheim-v-5455,Brisley V.5455 Memorial,United Kingdom,Litcham Tittishall & District Royal British Legion,https://counties.britishlegion.org.uk/counties/norfolk/contact-us/branches/,,NO,Brisley Parish Council,,,,,,0,
briston-wellington-w-5444,Briston W.5444 Memorial,United Kingdom,Holt Royal British Legion,https://counties.britishlegion.org.uk/counties/norfolk/contact-us/branches/,,NO,Briston Parish Council,,,,,,0,
brocklesby-me442,Brocklesby Lancaster Memorial,United Kingdom,,,,,,,,,,,0,
brussels-bomber-command-memorial,Brussels Bomber Command Memorial,Belgium,,,,,,,,,,,0,
buckden-pike-wellington-n-2848,Buckden Pike N.2848 Memorial,United Kingdom,Skipton Royal British Legion,https://counties.britishlegion.org.uk/counties/north-east-yorkshire-county/county-branches/,,NO,,,,,,,0,
bunny-church-hj767,Bunny Church Mosquito Memorial,United Kingdom,Ruddington & District Royal British Legion,https://counties.britishlegion.org.uk/counties/nottinghamshire/contact-us/branches/,,NO,,,,,,,0,
bury-lv971,Bury Halifax Memorial,United Kingdom,Cambridge City Royal British Legion,https://counties.britishlegion.org.uk/counties/cambridgeshire/cambridgeshire-branches/,,NO,Bury Parish Council,,,,,,0,
bwlchgwyn-near-wrexham-raf-bomber-type-vari,Bwlchgwyn Whitley LA766 Memorial,United Kingdom,Wrexham Royal British Legion,https://www.britishlegion.org.uk/get-involved/things-to-do/membership/find-a-branch,,NO,,,,,,,0,
cairnsmore-of-fleet-ww2-crashes-1-post-war-commemorated-,Cairnsmore of Fleet (7 Memorial,United Kingdom,,,,,,,,,,,1,
california-gap-wellington-z-8397,California Gap Z.8397 Memorial,United Kingdom,Mundesley & District Royal British Legion,https://counties.britishlegion.org.uk/counties/norfolk/contact-us/branches/,,NO,Scratby and California Parish Council,,,,,,0,
calverton-fairey-battle-l-5499,Calverton L.5499 Memorial,United Kingdom,,,,,,,,,,,0,
calverton-fairey-battle-l5499,Calverton Fairey Battle L5499 Memorial,United Kingdom,,,,,,,,,,,0,
canberra-bomber-command-memorial,"Bomber Command Memorial, Canberra",Australia,,,,,,,,,,,0,
carleton-rode-1-b-24-44-10513-old-gl,"Carleton Rode (1) Glory"" Memorial",United Kingdom,Attleborough Royal British Legion,https://counties.britishlegion.org.uk/counties/norfolk/contact-us/branches/,,NO,Carleton Rode Parish Council,,,,,,0,
carleton-rode-2-b-24-42-50452-earthq,"Carleton Rode (2) McGoon"" Memorial",United Kingdom,Attleborough Royal British Legion,https://counties.britishlegion.org.uk/counties/norfolk/contact-us/branches/,,NO,Carleton Rode Parish Council,,,,,,0,
carn-a-choire-mhoir-n1498,Carn A'Choire Mhoir Whitley Memorial,United Kingdom,,,,,,,,,,,1,
carn-bica-mountain-ev881,Carn Bica Mountain Liberator Memorial,United Kingdom,Wrexham Royal British Legion,https://www.britishlegion.org.uk/get-involved/things-to-do/membership/find-a-branch,,NO,,,,,,,0,
carneddau-black-ladders-wellington,Carneddau (Black Ladders) Wellington Memorial,United Kingdom,,,,,,,,,,,0,
carreg-goch-wellington-mf509-mf509,Carreg Goch (Wellington MF509) Memorial,United Kingdom,,,,,,,,,,,0,
carreg-goch-wellington-r1465-r1465,Carreg Goch (Wellington R1465) Bomber Memorial,United Kingdom,,,,,,,,,,,0,
cave-hill-b-17-flying-fortress,Cave Hill 42-97862 Memorial,United Kingdom,,,,,,,,,,,1,
cawston-1-hampden-p-4405,Cawston (1) P.4405 Memorial,United Kingdom,Aylsham & District Royal British Legion,https://counties.britishlegion.org.uk/counties/norfolk/contact-us/branches/,,NO,Cawston Parish Council,,,,,,0,
caythorpe-heath-lj450,Caythorpe Heath Stirling Memorial,United Kingdom,Sleaford & District Royal British Legion,https://counties.britishlegion.org.uk/counties/lincolnshire/branches-contacts/,,NO,Caythorpe and Frieston Parish Council,,,,,,0,
caythorpe-station-pb812,Caythorpe Station Lancaster Memorial,United Kingdom,Sleaford & District Royal British Legion,https://counties.britishlegion.org.uk/counties/lincolnshire/branches-contacts/,,NO,Caythorpe and Frieston Parish Council,,,,,,0,
chediston-dv930,Chediston Wellington Memorial,United Kingdom,Bungay & District Royal British Legion,https://counties.britishlegion.org.uk/counties/suffolk/contact-us/branches/,,NO,Chediston Parish Council,,,,,,0,
cheviot-hills-memorial-multiple-aircraft-co,Cheviot Hills Memorial commemorated Memorial,United Kingdom,Alnwick Royal British Legion,https://counties.britishlegion.org.uk/counties/northumberland/,,NO,,,,,,,0,
cheviot-hills-wellington-z1078-z1078,Cheviot Hills - Wellington Z1078 Memorial,United Kingdom,,,,,,,,,,,0,
chippenham-bk784,Chippenham Stirling Memorial,United Kingdom,Soham Royal British Legion,https://counties.britishlegion.org.uk/counties/cambridgeshire/cambridgeshire-branches/,,NO,Chippenham Parish Council,,,,,,0,
chipping-warden-1-lp286,Chipping Warden (1) Wellington Memorial,United Kingdom,Daventry & District Royal British Legion,https://counties.britishlegion.org.uk/counties/northamptonshire/local-rbl-branches/,,NO,Chipping Warden and Edgcote Parish Council,,,,,,0,
chipping-warden-2-wellington-r-1037,Chipping Warden (2) R.1037 Memorial,United Kingdom,Daventry & District Royal British Legion,https://counties.britishlegion.org.uk/counties/northamptonshire/local-rbl-branches/,,NO,Chipping Warden and Edgcote Parish Council,,,,,,0,
clenchwarton-multi-crash-memorial-hr832-mosquito-dd717-blenheim-z-7278,Clenchwarton (multi-crash memorial) Halifax Memorial,United Kingdom,King's Lynn & District Royal British Legion,https://counties.britishlegion.org.uk/counties/norfolk/contact-us/branches/,,NO,Clenchwarton Parish Council,,,,,,0,
cloot-drove-nd981-and-lancaster-me625-mid-air-collision-,Cloot Drove Lancaster Mid-Air Collision Memorial,United Kingdom,,,,,,,,,,,0,
colchester-dv177,Colchester Lancaster Memorial,United Kingdom,Colchester Royal British Legion,https://counties.britishlegion.org.uk/counties/essex/contact-us/,,NO,Colchester City Council,,,,,,0,
colsterdale-jb926,Colsterdale Halifax Memorial,United Kingdom,Mashamshire Royal British Legion,https://counties.britishlegion.org.uk/counties/north-east-yorkshire-county/county-branches/,,NO,Masham Parish Council,,,,,,0,
cotgrave-place-wellington-w-5365,Cotgrave Place W.5365 Memorial,United Kingdom,,,,,,,,,,,0,
coveney-double-lancaster-crash-ll667-and-lancaster-ll867,Coveney (double Lancaster crash) Lancaster Memorial,United Kingdom,City of Ely Royal British Legion,https://counties.britishlegion.org.uk/counties/cambridgeshire/cambridgeshire-branches/,,NO,Coveney Parish Council,,,,,,0,
craiglockhart-view-edinburgh-area-x3707,CraigLockhart View (Edinburgh area) Wellington Memorial,United Kingdom,,,,,,,,,,,1,
crowland-mid-air-collision-me265-lancaster-nd981,Crowland (mid-air collision) Lancaster Memorial,United Kingdom,Spalding Royal British Legion,https://counties.britishlegion.org.uk/counties/lincolnshire/branches-contacts/,,NO,Crowland Parish Council,,,,,,0,
desborough-an534,Desborough Fortress Memorial,United Kingdom,Desborough & District Royal British Legion,https://counties.britishlegion.org.uk/counties/northamptonshire/local-rbl-branches/,,NO,Desborough Town Council,,,,,,0,
dry-doddington-pb432,Dry Doddington Lancaster Memorial,United Kingdom,Grantham Royal British Legion,https://counties.britishlegion.org.uk/counties/lincolnshire/branches-contacts/,,NO,Dry Doddington Parish Meeting,,,,,,0,
dunbeath-short-sunderland-mk-,Dunbeath Mk.III Memorial,United Kingdom,,,,,,,,,,,1,
earith-mid-air-collision-w7467-and-hurricane-v6865,Earith (mid-air collision) Stirling Memorial,United Kingdom,"Earith, Bluntisham & Colne Royal British Legion",https://counties.britishlegion.org.uk/counties/cambridgeshire/cambridgeshire-branches/,,NO,Earith Parish Council,,,,,,0,
easby-moor-hudson-n-7294,Easby Moor N.7294 Memorial,United Kingdom,Guisborough Royal British Legion,https://counties.britishlegion.org.uk/counties/north-east-yorkshire-county/county-branches/,,NO,Easby Parish Meeting,,,,,,0,
east-moor-near-sutton-on-the-forest-general-memorial-to-,East Moor (near Sutton-on-the-Forest) served Memorial,United Kingdom,York Royal British Legion,https://counties.britishlegion.org.uk/counties/north-east-yorkshire-county/county-branches/,,NO,Sutton-on-the-Forest Parish Council,,,,,,0,
east-stockwith-me323,East Stockwith Lancaster Memorial,United Kingdom,Gainsborough & District Royal British Legion,https://counties.britishlegion.org.uk/counties/lincolnshire/branches-contacts/,,NO,East Stockwith Parish Council,,,,,,0,
eindhoven-bomber-command-memorial,Eindhoven Bomber Command Memorial,Netherlands,,,,,,,,,,,0,
elsham-wolds-jd386,Elsham Wolds — Black Swan Memorial (Halifax JD386),United Kingdom,Great Grimsby Royal British Legion,https://counties.britishlegion.org.uk/counties/lincolnshire/branches-contacts/,,NO,Elsham Parish Council,,RAF Elsham Wolds Memorial Rooms and Garden,,,,0,
elvetham-consolidated-liberat,Elvetham Liberator Memorial,United Kingdom,Southampton Royal British Legion,https://counties.britishlegion.org.uk/counties/hampshire/,,NO,,,,,,,0,
fairy-lochs-b-24-liberator-42-95,Fairy Lochs (USAAF) Memorial,United Kingdom,,,,,,,,,,,1,
farnsfield-halifax-mz519,Farnsfield Halifax MZ519 Memorial,United Kingdom,Farnsfield & District Royal British Legion,https://www.britishlegion.org.uk/get-involved/things-to-do/membership/find-a-branch,,NO,Farnsfield Parish Council,https://www.farnsfield-pc.gov.uk,,,,,1,
felixstowe-docks-hampden-p-1340,Felixstowe Docks P.1340 Memorial,United Kingdom,Woodbridge Royal British Legion,https://counties.britishlegion.org.uk/counties/suffolk/contact-us/branches/,,NO,Felixstowe Town Council,,,,,,0,
felixstowe-lm258,Felixstowe Lancaster Memorial,United Kingdom,Woodbridge Royal British Legion,https://counties.britishlegion.org.uk/counties/suffolk/contact-us/branches/,,NO,Felixstowe Town Council,,,,,,0,
ffridd-rhosfarch-wellington,Ffridd Rhosfarch Wellington Memorial,United Kingdom,Wrexham Royal British Legion,https://www.britishlegion.org.uk/get-involved/things-to-do/membership/find-a-branch,,NO,,,,,,,0,
florennes-raf-memorial,Florennes RAF Memorial,Belgium,,,,,,,,,,,0,
foulsham-mid-air-collision-beaufighter-v-8715-a,"Foulsham (mid-air collision) Eagle"" Memorial",United Kingdom,Reepham & District Royal British Legion,https://counties.britishlegion.org.uk/counties/norfolk/contact-us/branches/,,NO,Foulsham Parish Council,,,,,,0,
garrowby-hill-area-various-bomber-comma,Garrowby Hill area aircraft Memorial,United Kingdom,Skipton Royal British Legion,https://counties.britishlegion.org.uk/counties/north-east-yorkshire-county/county-branches/,,NO,,,,,,,0,
garvestone-b-24-liberator-42-95,Garvestone 42-95160 Memorial,United Kingdom,Dereham Royal British Legion,https://counties.britishlegion.org.uk/counties/norfolk/contact-us/branches/,,NO,"Garvestone, Reymerston and Thuxton Parish Council",,,,,,0,
godmanchester-n3703,Godmanchester Stirling Memorial,United Kingdom,Huntingdon & District Royal British Legion,https://counties.britishlegion.org.uk/counties/cambridgeshire/cambridgeshire-branches/,,NO,Godmanchester Town Council,,,,,,0,
gonalston-lancaster-l7578,Gonalston Lancaster L7578 Memorial,United Kingdom,Southwell Royal British Legion,https://counties.britishlegion.org.uk/counties/nottinghamshire/contact-us/branches/,,NO,Gonalston Parish Meeting,https://gonalston.parish.uk,,,,,0,
great-carrs-ll505-s-for-sugar-,Great Carrs Halifax Memorial,United Kingdom,Kendal Royal British Legion,https://counties.britishlegion.org.uk/counties/cumbria/,,NO,,,,,,,0,
great-dun-fell-blea-crag-bb310,Great Dun Fell (Blea Crag) Halifax Memorial,United Kingdom,Skipton Royal British Legion,https://counties.britishlegion.org.uk/counties/north-east-yorkshire-county/county-branches/,,NO,Dufton Parish Meeting,,,,,,0,
great-gransden-hayley-wood-jb219,Great Gransden (Hayley Wood) Lancaster Memorial,United Kingdom,Great Gransden & District Royal British Legion,https://counties.britishlegion.org.uk/counties/cambridgeshire/cambridgeshire-branches/,,NO,Great Gransden Parish Council,,,,,,0,
great-rissington-lamb-inn-r1028,Great Rissington (Lamb Inn) Wellington Memorial,United Kingdom,Gloucester Royal British Legion,https://counties.britishlegion.org.uk/counties/gloucestershire/,,NO,Great Rissington Parish Council,,,,,,0,
great-whernside-dt578,Great Whernside Halifax Memorial,United Kingdom,Skipton Royal British Legion,https://counties.britishlegion.org.uk/counties/north-east-yorkshire-county/county-branches/,,NO,Kettlewell with Starbotton Parish Council,,,,,,0,
greensted-juxta-ongar-pb512,Greensted Juxta Ongar Lancaster Memorial,United Kingdom,Ongar Royal British Legion,https://counties.britishlegion.org.uk/counties/essex/contact-us/,,NO,Greensted Parish Council,,,,,,0,
grimston-hill-wellington-ms471,Grimston Hill Wellington MS471 Memorial,United Kingdom,Southwell Royal British Legion,https://counties.britishlegion.org.uk/counties/nottinghamshire/contact-us/branches/,,NO,Wellow Parish Council,,,,,,0,
halam-lancaster-ed823,Halam Lancaster ED823 Memorial,United Kingdom,Southwell Royal British Legion,https://counties.britishlegion.org.uk/counties/nottinghamshire/contact-us/branches/,,NO,Halam Parish Council,https://www.halam-pc.gov.uk,,,,,0,
halifax-area-dk192,Halifax area Halifax Memorial,United Kingdom,Halifax Royal British Legion,https://counties.britishlegion.org.uk/counties/west-yorkshire/,,NO,Calderdale Council,,,,,,0,
hamburg-bombing-memorial,Hamburg Bombing Memorial,Germany,,,,,,,,,,,0,
hameldown-x3054,Hameldown Hampden Memorial,United Kingdom,Exeter Royal British Legion,https://counties.britishlegion.org.uk/counties/devon/,,NO,,,,,,,0,
hatcliffe-top-jb596,Hatcliffe Top Lancaster Memorial,United Kingdom,Great Grimsby Royal British Legion,https://counties.britishlegion.org.uk/counties/lincolnshire/branches-contacts/,,NO,Hatcliffe Parish Meeting,,,,,,0,
hempnall-dz587,Hempnall Mosquito Memorial,United Kingdom,Loddon Royal British Legion,https://counties.britishlegion.org.uk/counties/norfolk/contact-us/branches/,,NO,Hempnall Parish Council,,,,,,0,
henham-park-multiple-incidents-b-24-42-110033-arizo,Henham Park (multiple incidents) 41-28590 Memorial,United Kingdom,Beccles Royal British Legion,https://counties.britishlegion.org.uk/counties/suffolk/contact-us/branches/,,NO,Wangford with Henham Parish Council,,,,,,0,
high-ercall-area-various-mosquito-wel,High Ercall area OTU Memorial,United Kingdom,Shrewsbury Royal British Legion,https://counties.britishlegion.org.uk/counties/shropshire/,,NO,High Ercall Parish Council,,,,,,0,
higher-shelf-stones-boeing-rb-29a-superf,"Higher Shelf Stones ""Overexposed"" Memorial",United Kingdom,Glossop Royal British Legion,https://counties.britishlegion.org.uk/counties/derbyshire/branches/,,NO,,,,,,,0,
hindolveston-bk440,Hindolveston Wellington Memorial,United Kingdom,Holt Royal British Legion,https://counties.britishlegion.org.uk/counties/norfolk/contact-us/branches/,,NO,Hindolveston Parish Council,,,,,,0,
hiroshima-peace-memorial,Hiroshima Peace Memorial,Japan,,,,,,,,,,,0,
holmpton-avro-manchester-l-75,Holmpton L.7523 Memorial,United Kingdom,Withernsea Royal British Legion,https://counties.britishlegion.org.uk/counties/north-east-yorkshire-county/county-branches/,,NO,Holmpton Parish Council,,,,,,0,
honeybourne-area-z2639,Honeybourne area Whitley Memorial,United Kingdom,Warwick Royal British Legion,https://counties.britishlegion.org.uk/counties/warwickshire/,,NO,Honeybourne Parish Council,,,,,,0,
houghton-st-martin-pb351,Houghton St. Martin Lancaster Memorial,United Kingdom,Sedgeford & District Royal British Legion,https://counties.britishlegion.org.uk/counties/norfolk/contact-us/branches/,,NO,Houghton Parish Council,,,,,,0,
hoveringham-1-jb125,Hoveringham (1) Lancaster Memorial,United Kingdom,Southwell Royal British Legion,https://counties.britishlegion.org.uk/counties/nottinghamshire/contact-us/branches/,,NO,Hoveringham Parish Council,https://www.hoveringhamparishcouncil.gov.uk,,,,,0,
hoveringham-2-lm308,Hoveringham (2) Lancaster Memorial,United Kingdom,Southwell Royal British Legion,https://counties.britishlegion.org.uk/counties/nottinghamshire/contact-us/branches/,,NO,Hoveringham Parish Council,https://www.hoveringhamparishcouncil.gov.uk,,,,,0,
hull-bridge-1-jb874,Hull Bridge (1) Halifax Memorial,United Kingdom,Beverley Royal British Legion,https://counties.britishlegion.org.uk/counties/north-east-yorkshire-county/county-branches/,,NO,Tickton and Routh Parish Council,,,,,,0,
hull-bridge-2-bb373,Hull Bridge (2) Halifax Memorial,United Kingdom,Beverley Royal British Legion,https://counties.britishlegion.org.uk/counties/north-east-yorkshire-county/county-branches/,,NO,Tickton and Routh Parish Council,,,,,,0,
kessingland-b-24-liberator-41-28,"Kessingland ""Repulser"" Memorial",United Kingdom,Lowestoft Royal British Legion,https://counties.britishlegion.org.uk/counties/suffolk/contact-us/branches/,,NO,Kessingland Parish Council,,,,,,0,
kinder-scout-1-w5719,Kinder Scout (1) Wellington Memorial,United Kingdom,Hayfield Royal British Legion,https://counties.britishlegion.org.uk/counties/derbyshire/branches/,,NO,,,,,,,0,
kinder-scout-2-aircraft-polish-crew,Kinder Scout (2) Avro Anson Memorial,United Kingdom,Hayfield Royal British Legion,https://counties.britishlegion.org.uk/counties/derbyshire/branches/,,NO,,,,,,,0,
kirkley-lowestoft-ll356,Kirkley (Lowestoft) Halifax Memorial,United Kingdom,Lowestoft Royal British Legion,https://counties.britishlegion.org.uk/counties/suffolk/contact-us/branches/,,NO,Lowestoft Town Council,,,,,,0,
laughterton-1-eh940,Laughterton (1) Stirling Memorial,United Kingdom,Gainsborough & District Royal British Legion,https://counties.britishlegion.org.uk/counties/lincolnshire/branches-contacts/,,NO,Laughterton Parish Meeting,,,,,,0,
laughterton-2-lm292,Laughterton (2) Lancaster Memorial,United Kingdom,Gainsborough & District Royal British Legion,https://counties.britishlegion.org.uk/counties/lincolnshire/branches-contacts/,,NO,Laughterton Parish Meeting,,,,,,0,
laxton-lp841,Laxton Wellington Memorial,United Kingdom,Ollerton & District Royal British Legion,https://counties.britishlegion.org.uk/counties/nottinghamshire/contact-us/branches/,,NO,Laxton and Moorhouse Parish Council,,,,,,0,
leicester-pa269,Leicester Lancaster Memorial,United Kingdom,Leicester Royal British Legion,https://counties.britishlegion.org.uk/counties/leicestershire-rutland/,,NO,Leicester City Council,,,,,,0,
little-atwick-hx351,Little Atwick Halifax Memorial,United Kingdom,Hornsea & District Royal British Legion,https://counties.britishlegion.org.uk/counties/north-east-yorkshire-county/county-branches/,,NO,Atwick Parish Council,,,,,,0,
little-yeldham-hf471,Little Yeldham Wellington Memorial,United Kingdom,Wickford & District Royal British Legion,https://counties.britishlegion.org.uk/counties/essex/contact-us/,,NO,Little Yeldham Parish Council,,,,,,0,
location-via-iwm-handley-page-halifax,(Location via IWM) (WW2) Memorial,United Kingdom,Glossop Royal British Legion,https://counties.britishlegion.org.uk/counties/derbyshire/branches/,,NO,,,,,,,0,
location-via-iwm-t2520,(Location via IWM) Wellington Memorial,United Kingdom,Glossop Royal British Legion,https://counties.britishlegion.org.uk/counties/derbyshire/branches/,,NO,,,,,,,0,
location-via-iwm-w4904,(Location via IWM) Lancaster Memorial,United Kingdom,Glossop Royal British Legion,https://counties.britishlegion.org.uk/counties/derbyshire/branches/,,NO,,,,,,,0,
long-bennington-lm311,Long Bennington III Memorial,United Kingdom,Grantham Royal British Legion,https://counties.britishlegion.org.uk/counties/lincolnshire/branches-contacts/,,NO,Long Bennington Parish Council,,,,,,0,
longside-edge-wellington-unknown-s,Longside Edge serial) Memorial,United Kingdom,Kendal Royal British Legion,https://counties.britishlegion.org.uk/counties/cumbria/,,NO,,,,,,,0,
low-bradley-hz251,Low Bradley Mk.XI Memorial,United Kingdom,Skipton Royal British Legion,https://counties.britishlegion.org.uk/counties/north-east-yorkshire-county/county-branches/,,NO,Bradley Parish Council,,,,,,0,
manea-lk789,Manea Halifax Memorial,United Kingdom,Manea Royal British Legion,https://counties.britishlegion.org.uk/counties/cambridgeshire/cambridgeshire-branches/,,NO,Manea Parish Council,,,,,,0,
marchington-wellington-mk-x,Marchington Mk.X Memorial,United Kingdom,Stafford Royal British Legion,https://counties.britishlegion.org.uk/counties/staffordshire/,,NO,Marchington Parish Council,,,,,,0,
melton-mowbray-ln281,Melton Mowbray Wellington Memorial,United Kingdom,Melton Mowbray Royal British Legion,https://counties.britishlegion.org.uk/counties/leicestershire-rutland/,,NO,Melton Mowbray Town Estate,,,,,,0,
moordown-jp137,Moordown Halifax Memorial,United Kingdom,Dorchester Royal British Legion,https://counties.britishlegion.org.uk/counties/dorset/,,NO,"Bournemouth, Christchurch and Poole Council",,,,,,0,
mumby-bb216,Mumby Halifax Memorial,United Kingdom,Alford & District Royal British Legion,https://counties.britishlegion.org.uk/counties/lincolnshire/branches-contacts/,,NO,Mumby Parish Council,,,,,,0,
mundford-mk773,Mundford Lancaster Memorial,United Kingdom,Thetford Royal British Legion,https://counties.britishlegion.org.uk/counties/norfolk/contact-us/branches/,,NO,Mundford Parish Council,,,,,,0,
mynydd-mawr-aircraft-type-varies,Mynydd Mawr source) Memorial,United Kingdom,Bangor Royal British Legion,https://www.britishlegion.org.uk/get-involved/things-to-do/membership/find-a-branch,,NO,,,,,,,0,
nailstone-b-17-fortress-43-377,Nailstone 43-37776 Memorial,United Kingdom,Leicester Royal British Legion,https://counties.britishlegion.org.uk/counties/leicestershire-rutland/,,NO,Nailstone Parish Council,,,,,,0,
nanton-bomber-command-museum,Nanton Bomber Command Museum,Canada,,,,,,,,,,,0,
near-sheldon-village-w5795,Near Sheldon village Wellington Memorial,United Kingdom,Bakewell & District Royal British Legion,https://counties.britishlegion.org.uk/counties/derbyshire/branches/,,NO,Sheldon Parish Meeting,,,,,,0,
normandy-bomber-crew-memorial,Normandy Bomber Crew Memorial,France,,,,,,,,,,,0,
north-kelsey-moor-lancaster-r-5672,North Kelsey Moor R.5672 Memorial,United Kingdom,Kirton-In-Lindsey Royal British Legion,https://counties.britishlegion.org.uk/counties/lincolnshire/branches-contacts/,,NO,North Kelsey Parish Council,,,,,,0,
north-lopham-mid-air-collision-b-17-44-6137-the-abo,North Lopham (mid-air collision) 43-38746 Memorial,United Kingdom,North Walsham & District Royal British Legion,https://counties.britishlegion.org.uk/counties/norfolk/contact-us/branches/,,NO,North Lopham Parish Council,,,,,,0,
north-rauceby-wellington-t-2834,North Rauceby T.2834 Memorial,United Kingdom,North Hykeham Royal British Legion,https://counties.britishlegion.org.uk/counties/lincolnshire/branches-contacts/,,NO,Rauceby Parish Council,,,,,,0,
north-thoresby-ed583,North Thoresby Lancaster Memorial,United Kingdom,Louth & District Royal British Legion,https://counties.britishlegion.org.uk/counties/lincolnshire/branches-contacts/,,NO,North Thoresby Parish Council,,,,,,0,
old-leake-wellington-w-5667,Old Leake W.5667 Memorial,United Kingdom,Boston & District Royal British Legion,https://counties.britishlegion.org.uk/counties/lincolnshire/branches-contacts/,,NO,Old Leake Parish Council,,,,,,0,
paris-bomber-command-memorial,Paris Bomber Command Memorial,France,,,,,,,,,,,0,
pen-yr-ole-wen-n9855,Pen yr Ole Wen Mk.I Memorial,United Kingdom,Bangor Royal British Legion,https://www.britishlegion.org.uk/get-involved/things-to-do/membership/find-a-branch,,NO,,,,,,,0,
pidley-dk300,Pidley Mosquito Memorial,United Kingdom,Ramsey & District Royal British Legion,https://counties.britishlegion.org.uk/counties/cambridgeshire/cambridgeshire-branches/,,NO,Pidley Parish Council,,,,,,0,
plungar-ed549,Plungar Lancaster Memorial,United Kingdom,Leicester Royal British Legion,https://counties.britishlegion.org.uk/counties/leicestershire-rutland/,,NO,Plungar Parish Meeting,,,,,,0,
pocklington-ed393,Pocklington Lancaster Memorial,United Kingdom,Pocklington Royal British Legion,https://counties.britishlegion.org.uk/counties/north-east-yorkshire-county/county-branches/,,NO,Pocklington Town Council,,,,,,0,
raf-kinloss-area-ni440,RAF Kinloss area Whitley Memorial,United Kingdom,,,,,,,,,,,1,
redenhall-two-b-24-crashes-b-24-42-50790-little,Redenhall (two B-24 crashes) 42-51909 Memorial,United Kingdom,Harleston Royal British Legion,https://counties.britishlegion.org.uk/counties/norfolk/contact-us/branches/,,NO,Redenhall with Harleston Town Council,,,,,,0,
reedham-mid-air-collision-b-17-42-37963-and-b-,Reedham (mid-air collision) 42-31370 Memorial,United Kingdom,Acle and District Royal British Legion,https://counties.britishlegion.org.uk/counties/norfolk/contact-us/branches/,,NO,Reedham Parish Council,,,,,,0,
reigate-hill-b-17-flying-fortress,Reigate Hill Fortress Memorial,United Kingdom,Reigate Royal British Legion,https://counties.britishlegion.org.uk/counties/surrey/,,NO,,,,,,,0,
revesby-nd415,Revesby Lancaster Memorial,United Kingdom,Horncastle & District Royal British Legion,https://counties.britishlegion.org.uk/counties/lincolnshire/branches-contacts/,,NO,Revesby Parish Meeting,,,,,,0,
roermond-b-17-crew-memorial,Roermond B-17 Crew Memorial,Netherlands,,,,,,,,,,,0,
rumburgh-b-24-liberator-42-51,"Rumburgh Nymph"" Memorial",United Kingdom,Bungay & District Royal British Legion,https://counties.britishlegion.org.uk/counties/suffolk/contact-us/branches/,,NO,Rumburgh Parish Council,,,,,,0,
rushup-edge-hampden-mk-i,Rushup Edge Mk.I Memorial,United Kingdom,Chapel-En-Le-Frith Royal British Legion,https://counties.britishlegion.org.uk/counties/derbyshire/branches/,,NO,,,,,,,0,
salford-pb304,Salford Lancaster Memorial,United Kingdom,Manchester Royal British Legion,https://counties.britishlegion.org.uk/counties/lancashire/,,NO,Salford City Council,,,,,,0,
salthouse-lm720,Salthouse Lancaster Memorial,United Kingdom,Sheringham & District Royal British Legion,https://counties.britishlegion.org.uk/counties/norfolk/contact-us/branches/,,NO,Salthouse Parish Meeting,,,,,,0,
scallows-hall-dv270,Scallows Hall Lancaster Memorial,United Kingdom,Louth & District Royal British Legion,https://counties.britishlegion.org.uk/counties/lincolnshire/branches-contacts/,,NO,Wold Newton Parish Meeting,,,,,,0,
scawton-near-helmsley-halifax-free-french-,Scawton (near Helmsley) Force) Memorial,United Kingdom,Thirsk Royal British Legion,https://counties.britishlegion.org.uk/counties/north-east-yorkshire-county/county-branches/,,NO,Scawton Parish Meeting,,,,,,0,
scredington-ed439,Scredington Lancaster Memorial,United Kingdom,Sleaford & District Royal British Legion,https://counties.britishlegion.org.uk/counties/lincolnshire/branches-contacts/,,NO,Scredington Parish Meeting,,,,,,0,
screveton-1-wellington-w-4103,Screveton (1) W.4103 Memorial,United Kingdom,Bingham Royal British Legion,https://counties.britishlegion.org.uk/counties/nottinghamshire/contact-us/branches/,,NO,Screveton Parish Meeting,,,,,,0,
sheffield-b-17-flying-fortress,"Sheffield ""Mi Amigo"" Memorial",United Kingdom,Sheffield Royal British Legion,https://counties.britishlegion.org.uk/counties/south-yorkshire/,,NO,Sheffield City Council,,,,,,0,
sibsey-lancaster-details-on,Sibsey memorial) Memorial,United Kingdom,Boston & District Royal British Legion,https://counties.britishlegion.org.uk/counties/lincolnshire/branches-contacts/,,NO,,,,,,,0,
skegness-x3027,Skegness Hampden Memorial,United Kingdom,Skegness Royal British Legion,https://counties.britishlegion.org.uk/counties/lincolnshire/branches-contacts/,,NO,Skegness Town Council,,,,,,0,
slieveanee-mountain-t9328,Slieveanee Mountain Hudson Memorial,United Kingdom,,,,,,,,,,,1,
slovenia-bomber-crew-memorial,Slovenia Bomber Crew Memorial,Slovenia,,,,,,,,,,,0,
somersham-x3811,Somersham Wellington Memorial,United Kingdom,Somersham Royal British Legion,https://counties.britishlegion.org.uk/counties/cambridgeshire/cambridgeshire-branches/,,NO,Somersham Parish Council,,,,,,0,
south-cove-b-24-liberator-42-51,South Cove 42-51241 Memorial,United Kingdom,Lowestoft Royal British Legion,https://counties.britishlegion.org.uk/counties/suffolk/contact-us/branches/,,NO,South Cove Parish Meeting,,,,,,0,
south-kyme-lk954,South Kyme Halifax Memorial,United Kingdom,Sleaford & District Royal British Legion,https://counties.britishlegion.org.uk/counties/lincolnshire/branches-contacts/,,NO,South Kyme Parish Council,,,,,,0,
southrepps-hampden-x-3023,Southrepps X.3023 Memorial,United Kingdom,Southrepps & District Royal British Legion,https://counties.britishlegion.org.uk/counties/norfolk/contact-us/branches/,,NO,Southrepps Parish Council,,,,,,0,
staunton-in-the-vale-wellington-w-4270,Staunton in the Vale W.4270 Memorial,United Kingdom,Grantham Royal British Legion,https://counties.britishlegion.org.uk/counties/lincolnshire/branches-contacts/,,NO,Staunton in the Vale Parish Meeting,,,,,,0,
stoke-holy-cross-blenheim-z-7304,Stoke Holy Cross Z.7304 Memorial,United Kingdom,Norwich Royal British Legion,https://counties.britishlegion.org.uk/counties/norfolk/contact-us/branches/,,NO,Stoke Holy Cross Parish Council,,,,,,0,
stoke-rochford-hall-lm719,Stoke Rochford Hall Lancaster Memorial,United Kingdom,Grantham Royal British Legion,https://counties.britishlegion.org.uk/counties/lincolnshire/branches-contacts/,,NO,Stoke Rochford Parish Meeting,,,,,,0,
stow-bedon-blenheim-v-5851,Stow Bedon V.5851 Memorial,United Kingdom,Watton & District Royal British Legion,https://counties.britishlegion.org.uk/counties/norfolk/contact-us/branches/,,NO,Stow Bedon and Breckles Parish Council,,,,,,0,
sturton-by-stow-lancaster-r-5676,Sturton by Stow R.5676 Memorial,United Kingdom,Gainsborough & District Royal British Legion,https://counties.britishlegion.org.uk/counties/lincolnshire/branches-contacts/,,NO,Sturton by Stow Parish Council,,,,,,0,
succoth-glen-b-29-superfortress-p,Succoth Glen operations) Memorial,United Kingdom,,,,,,,,,,,1,
tattershall-1-w4175,Tattershall (1) Lancaster Memorial,United Kingdom,"Coningsby, Tattershall & District Royal British Legion",https://counties.britishlegion.org.uk/counties/lincolnshire/branches-contacts/,,NO,Tattershall Parish Council,,,,,,0,
tattershall-2-pb422,Tattershall (2) Lancaster Memorial,United Kingdom,"Coningsby, Tattershall & District Royal British Legion",https://counties.britishlegion.org.uk/counties/lincolnshire/branches-contacts/,,NO,Tattershall Parish Council,,,,,,0,
thorpe-morieux-1-b-17-42-3108,Thorpe Morieux (1) 42-3108 Memorial,United Kingdom,Stowmarket & District Royal British Legion,https://counties.britishlegion.org.uk/counties/suffolk/contact-us/branches/,,NO,Thorpe Morieux Parish Meeting,,,,,,0,
thorpe-morieux-2-b-17-42-38085,Thorpe Morieux (2) 42-38085 Memorial,United Kingdom,Stowmarket & District Royal British Legion,https://counties.britishlegion.org.uk/counties/suffolk/contact-us/branches/,,NO,Thorpe Morieux Parish Meeting,,,,,,0,
three-barrows-ln775,Three Barrows Mk.X Memorial,United Kingdom,Exeter Royal British Legion,https://counties.britishlegion.org.uk/counties/devon/,,NO,,,,,,,0,
tigers-marsh-b-17-flying-fortress,Tigers Marsh Fortress Memorial,United Kingdom,Exeter Royal British Legion,https://counties.britishlegion.org.uk/counties/devon/,,NO,,,,,,,0,
timberlands-fen-jb534,Timberlands Fen Lancaster Memorial,United Kingdom,Woodhall Spa & District Royal British Legion,https://counties.britishlegion.org.uk/counties/lincolnshire/branches-contacts/,,NO,Timberland Parish Council,,,,,,0,
tinian-north-field-memorial,Tinian North Field Memorial,United States,,,,,,,,,,,0,
tintwistle-knarr-pa411,Tintwistle Knarr Lancaster Memorial,United Kingdom,Glossop Royal British Legion,https://counties.britishlegion.org.uk/counties/derbyshire/branches/,,NO,,,,,,,0,
trenton-rcaf-memorial,"RCAF Memorial, Trenton",Canada,,,,,,,,,,,0,
ulceby-1-jb670,Ulceby (1) Lancaster Memorial,United Kingdom,Great Grimsby Royal British Legion,https://counties.britishlegion.org.uk/counties/lincolnshire/branches-contacts/,,NO,Ulceby Parish Council,,,,,,0,
ulceby-2-lm322,Ulceby (2) Lancaster Memorial,United Kingdom,Great Grimsby Royal British Legion,https://counties.britishlegion.org.uk/counties/lincolnshire/branches-contacts/,,NO,Ulceby Parish Council,,,,,,0,
ulceby-cross-pb476,Ulceby Cross Lancaster Memorial,United Kingdom,Great Grimsby Royal British Legion,https://counties.britishlegion.org.uk/counties/lincolnshire/branches-contacts/,,NO,Ulceby Parish Council,,,,,,0,
upwaltham-dv382,Upwaltham Lancaster Memorial,United Kingdom,Chichester Royal British Legion,https://counties.britishlegion.org.uk/counties/sussex/contact-us/branches/,,NO,Upwaltham Parish Meeting,,,,,,0,
waithe-1-jb678,Waithe (1) Lancaster Memorial,United Kingdom,Great Grimsby Royal British Legion,https://counties.britishlegion.org.uk/counties/lincolnshire/branches-contacts/,,NO,Waithe Parish Meeting,,,,,,0,
waithe-2-jb674,Waithe (2) Lancaster Memorial,United Kingdom,Great Grimsby Royal British Legion,https://counties.britishlegion.org.uk/counties/lincolnshire/branches-contacts/,,NO,Waithe Parish Meeting,,,,,,0,
waithe-4-jb560,Waithe (4) Lancaster Memorial,United Kingdom,Great Grimsby Royal British Legion,https://counties.britishlegion.org.uk/counties/lincolnshire/branches-contacts/,,NO,Waithe Parish Meeting,,,,,,0,
walton-on-the-naze-rg475,Walton-on-the-Naze VII Memorial,United Kingdom,Wickford & District Royal British Legion,https://counties.britishlegion.org.uk/counties/essex/contact-us/,,NO,Frinton and Walton Town Council,,,,,,0,
waun-rydd-wellington-details-v,Waun Rydd source) Memorial,United Kingdom,Brecon Royal British Legion,https://www.britishlegion.org.uk/get-involved/things-to-do/membership/find-a-branch,,NO,,,,,,,0,
weasenham-st-peter-three-crashes-commemorated-fl206-boston-al285,Weasenham St. Peter (three crashes commemorated) Mitchell Memorial,United Kingdom,Litcham Tittishall & District Royal British Legion,https://counties.britishlegion.org.uk/counties/norfolk/contact-us/branches/,,NO,Weasenham Parish Council,,,,,,0,
wellington-he324-crash-site-he324,Wellington HE324 Crash Site X Memorial,United Kingdom,Bakewell & District Royal British Legion,https://counties.britishlegion.org.uk/counties/derbyshire/branches/,,NO,,,,,,,0,
west-okement-valley-pb4y-1-liberator-639,West Okement Valley 63926 Memorial,United Kingdom,Exeter Royal British Legion,https://counties.britishlegion.org.uk/counties/devon/,,NO,,,,,,,0,
westborough-lm619,Westborough Lancaster Memorial,United Kingdom,Grantham Royal British Legion,https://counties.britishlegion.org.uk/counties/lincolnshire/branches-contacts/,,NO,Westborough and Dry Doddington Parish Council,,,,,,0,
withcall-hk194,Withcall Mosquito Memorial,United Kingdom,Louth & District Royal British Legion,https://counties.britishlegion.org.uk/counties/lincolnshire/branches-contacts/,,NO,Withcall Parish Meeting,,,,,,0,
wollaston-l7380,Wollaston Manchester Memorial,United Kingdom,Daventry & District Royal British Legion,https://counties.britishlegion.org.uk/counties/northamptonshire/local-rbl-branches/,,NO,Wollaston Parish Council,,,,,,0,
wrangle-b-24j-liberator-42-9,Wrangle 42-95103 Memorial,United Kingdom,Wrangle & District Royal British Legion,https://counties.britishlegion.org.uk/counties/lincolnshire/branches-contacts/,,NO,Wrangle Parish Council,,,,,,0,
yelling-jb477,Yelling Lancaster Memorial,United Kingdom,St Neots Royal British Legion,https://counties.britishlegion.org.uk/counties/cambridgeshire/cambridgeshire-branches/,,NO,Yelling Parish Council,,,,,,0,
