memorial_id,lat,lng,what3words,confidence_status,confidence_score,source,evidence,verifier,date_verified,date_deployed,notes,action_needed
amsterdam-war-memorial,52.37,4.89,result.migrants.trip,approximate,1,memorial_json,Photon OSM — Dam Square Amsterdam at 52.3731 4.8923,Holly (PAI),2026-04-05,,"ACCURATE. Current coords (52.37, 4.89) rounded to 2dp — Amsterdam National War Memorial on Dam Square confirmed at 52.3731 4.8923. Confidence upgraded from estimated to approximate.",verify
annesley-eh988,53.070801,-1.244604,treetop.mistaken.exclusive,confirmed,2,memorial_json,"War Memorials Online ref 201089 (Historic England dataset) — 53.070801, -1.244604",Holly (PAI research agent),2026-04-05,,"Current coords (53.0711, -1.2422) are 160m east of actual location. Roadside/crash-site memorial: small garden of remembrance with rough-hewn stone, bench, interpretive panel ~50m SSW of A608/A611 rou",none
ardleigh-dt800,51.923031,0.985018,permanent.lyricist.voltages,confirmed,2,memorial_json,Local contact Tim Barrott: map was for far side of Braintree (Wave 1 CRM response),"Tim Barrott + Jill Hamblin (local contacts), Holly (PAI geocoding)",2026-04-06,,"Previous coords (51.926, 0.512) were ~30km too far west near Chelmsford. Memorial on Millennium Green, Ardleigh CO7. Two local contacts independently confirmed error; geocoding confirms correct villag",none
auckland-bomber-command-memorial,-36.85,174.76,abandonment.lifesize.engine,approximate,1,memorial_json,Photon OSM — Auckland city centre at -36.8489 174.7652,Holly (PAI),2026-04-05,,"ACCURATE. Current coords (-36.85, 174.76) match central Auckland within ~200m. Confidence upgraded from estimated to approximate.",verify
bacton-hudson-v-9097,52.84876,1.46709,mimic.tickets.lends,confirmed,2,memorial_json,IWM War Memorials Register ref 108252,Holly (PAI research agent),2026-04-05,,"Current coords (52.8441, 1.4599) are 530m SW of actual location. Memorial is a marble-front brick cairn at Lowlands Farm, Hall Farm Road, Bacton NR12 0JN — private farmland south of village. Rededicat",none
balkholme-1-lk834,53.744108,-0.812422,snowy.trailer.reliving,approximate,1,memorial_json,Geograph photo 6219781 (SE 7842 2818 10m precision),Holly (PAI research agent),2026-04-05,,Holly (PAI),verify
balkholme-2-mz696,53.744108,-0.812422,snowy.trailer.reliving,approximate,1,memorial_json,Geograph photo 6219781 (SE 7842 2818 10m precision),Holly (PAI research agent),2026-04-05,,Holly (PAI),verify
bassingham-fen-eh977,53.130941,-0.632355,smelter.poetry.mailers,confirmed,2,memorial_json,"War Memorials Online ref 264774 — address: Linga Lane, Bassingham Fen LN5 9LD",Holly (PAI research agent),2026-04-05,,"SEVERE ERROR — 26.7km off. Current coords (53.2338, -0.2689) plot near Nocton/Potterhanworth, no connection to this aircraft. Actual memorial at Wirelocks Farm, Linga Lane, Bassingham Fen LN5 9LD. Fre",none
bawdeswell-kb364,52.744246,1.03116,clarifies.sapping.outlined,confirmed,2,memorial_json,Geograph gridref TG048206 (All Saints Church Bawdeswell),Holly (PAI research agent),2026-04-05,,Holly (PAI),none
beetley-bj764,52.72843,0.92064,mistaking.innovator.resort,confirmed,2,memorial_json,IWM War Memorials Register ref 101718 — 10-digit OS grid ref,Holly (PAI research agent),2026-04-05,,"Current coords (52.7238, 0.917) are generic village geocode, 600m SW of actual location. Memorial is a marble tablet INSIDE St Mary Magdalene's Church, Church Lane, Beetley NR20 4AB. IWM ref 101718 gi",none
beinn-edra-b-17g-flying-fortres,57.5867,-6.257,punctured.rebel.icebergs,confirmed,2,memorial_json,Photon OSM — named entry for Beinn Edra memorial at 57.5867 -6.2570 (Isle of Skye),Holly (PAI),2026-04-05,,INACCURATE. Previous lon -5.142 placed site on Scottish mainland ~60-70km from actual location. Photon has specific named OSM entry for the Beinn Edra memorial on Isle of Skye at 57.5867 -6.2570. Conf,none
bellingdon-pb475,51.7369,-0.6445,shredder.rushed.hunt,confirmed,2,memorial_json,IWM War Memorials Register ref 63847 — OS Grid SP 93606 05127,Holly (PAI research agent),2026-04-05,,"SEVERE ERROR. Current coords (51.6492, -0.7822) are 12km SW of actual location — likely data entry error. Crash site memorial at Bloomfield Farm, Bellingdon HP5 2UT. Stone with blue circular plaque fe",none
ben-tirran-muckle-cairn-vickers-wellington,56.8766,-3.0189,insurance.repeating.tuck,approximate,1,memorial_json,Geograph (four photos of Wellington wreckage in grid NO3876 by Elliott Simpson),Holly (PAI research agent),2026-04-05,,Holly (PAI),verify
berlin-bomber-command-memorial,52.5076,13.2227,monitors.trouser.cherub,confirmed,2,memorial_json,OpenStreetMap (photon.komoot.io) Britischer Friedhof an der Heerstrasse 52.5076 13.2227,Holly (PAI research agent),2026-04-05,,Holly (PAI),none
bicker-nd820,52.911049,-0.178319,juggler.event.though,confirmed,2,memorial_json,Geograph gridref TF226364 (Lancaster ND820 memorial at Bicker Fen confirmed),Holly (PAI research agent),2026-04-05,,Holly (PAI),none
blankney-mid-air-collision-lm130,53.129,-0.4017,dustbin.mule.slippers,estimated,0,memorial_json,Photon geocoder reverse-confirmed current coords resolve to East Lindsey (16km NNE of Blankney),Holly (PAI research agent),2026-04-05,,Holly (PAI),none
bleasby-1-lancaster-r-5703,53.038616,-0.92994,mile.unite.logic,confirmed,2,memorial_json,War Memorials Online ref 290171 — Bleasby Aircrews Memorial,Holly (PAI research agent),2026-04-05,,"SEVERE ERROR — 17km off. Current coords (53.1153, -1.0762) plot near Ravenshead/Newstead. Actual memorial is Glebe Field, Bleasby NG14 7GG, between St Mary's Church and Waggon & Horses pub, Main Stree",none
bleasby-2-lancaster-w-4232,53.038748,-0.931611,highs.towels.firepower,confirmed,2,memorial_json,Geograph photo 6412660 — Hazelford Lock memorial stone visible,Holly (PAI),2026-04-05,,"INACCURATE. Previous coords (53.113, -1.107) were ~17km off. All Bleasby panels share same physical memorial at Hazelford Lock, Glebe Field NG14 7GG. Corrected to OS SK 71734 49586 per Geograph eviden",none
bleasby-3-lancaster-r-5698,53.12988306419242,-0.9620780336487038,blackouts.stockpile.happier,estimated,0,memorial_json,Research agent — 1654 HCU operated from RAF Wigsley ~18km away,Holly (PAI),2026-04-05,,UNCERTAIN. R.5698 from 1654 HCU (RAF Wigsley) — could be in area but exact crash location unverifiable from open sources. Coordinates retained pending primary source research (TNA AIR 81 or ORBs). Con,none
bleasby-4-jb132,53.038748,-0.931611,highs.towels.firepower,approximate,1,memorial_json,Bleasby memorial hub at Hazelford Lock identified via Geograph,Holly (PAI),2026-04-05,,"INACCURATE. Previous coords (53.023, -1.081) were displaced. Corrected to Hazelford Lock memorial hub (same panel cluster). JB132 61 Sqdn panel on same stone. Confidence approximate — sharing hub coor",verify
bleasby-5-wellington-r-1014,53.038748,-0.931611,highs.towels.firepower,confirmed,2,memorial_json,Geograph photo 6412685 — R.1014 panel on Hazelford Lock memorial stone,Holly (PAI),2026-04-05,,"INACCURATE. Previous coords (53.041, -0.863) were ~7km off. Corrected to Hazelford Lock (OS SK 71734 49586). Geograph photos 6412685 and 6412691 directly confirm R.1014 panel on the memorial stone. Co",none
bleasby-6-wellington-r-1212,52.9996,-0.9032,torso.rise.across,approximate,1,memorial_json,Research — Flintham Woods / Kennel Wood area identified as distinct crash site,Holly (PAI),2026-04-05,,"INACCURATE. Previous coords (53.139, -0.939) ~15km off. R.1212 crash identified as separate incident at Flintham Woods / Kennel Wood area (SK 747 476, approx 52.9996, -0.9032) — distinct from R.1014 a",verify
blyth-green-1-he818,53.0918575,-1.0403268,mainframe.skillet.presides,approximate,1,memorial_json,OSM node 280070874 Halifax Bomber Memorial (53.0918575 -1.0403268 near Farnsfield),Holly (PAI research agent),2026-04-05,,,verify
blyth-green-2-na581,53.1902622,-0.9140349,drop.presides.cheaply,estimated,0,memorial_json,OSM node 3213929783 Wellington bomber crash memorial (53.1902622 -0.9140349),Holly (PAI research agent),2026-04-05,,,none
blythburgh-liberator-42-110007-,52.3209,1.5979,science.mascot.spellings,approximate,1,memorial_json,OSM village node Blythburgh (52.3209 1.5979),Holly (PAI research agent),2026-04-05,,Holly (PAI),verify
bodicote-bk517,52.0354,-1.3335,crackled.village.rhino,approximate,1,memorial_json,Postcodes.io Bodicote village centroid (52.0385 -1.3303),Holly (PAI research agent),2026-04-05,,Holly (PAI),verify
bomber-county-gateway-r5689-vn-n-,53.195,-0.531,wanderers.expropriate.spiders,estimated,0,memorial_json,IBCC Canwick Hill anchor (53.212 -0.525) used for area reference,Holly (PAI research agent),2026-04-05,,Holly (PAI),none
bransby-at129,53.3028,-0.6516,boast.results.fidget,approximate,1,memorial_json,Postcodes.io (LN1 2PH 53.303 -0.652),Holly (PAI research agent),2026-04-05,,Holly (PAI),verify
bressingham-bk770,52.3912,1.0603,assorted.blurts.height,approximate,1,memorial_json,Postcodes.io (IP22 52.391 1.060),Holly (PAI research agent),2026-04-05,,Holly (PAI),verify
brettenham-stirling-n-3756,52.1491,0.8793,impresses.simple.bothered,approximate,1,memorial_json,Postcodes.io (IP7 52.1505 0.8733),Holly (PAI research agent),2026-04-05,,Holly (PAI),verify
brigstock-dv361,52.4577,-0.61,plunge.swarm.crashing,approximate,1,memorial_json,Postcodes.io NN14 3HG (52.4574 -0.6099),Holly (PAI research agent),2026-04-05,,Holly (PAI),verify
brisley-blenheim-v-5455,52.7556,0.8881,riskiest.glove.spun,approximate,1,memorial_json,DBpedia Brisley (52.755 0.888),Holly (PAI research agent),2026-04-05,,Holly (PAI),verify
briston-wellington-w-5444,52.8517,1.0598,heavy.comedians.expanded,approximate,1,memorial_json,Roll-of-honour.com Norfolk/Briston (confirms crash in Briston parish 17 Aug 1941),Holly (PAI research agent),2026-04-05,,Holly (PAI),verify
brocklesby-me442,53.5853,-0.2754,slurping.rent.nappy,approximate,1,memorial_json,DBpedia Brocklesby (53.5853 -0.2754),Holly (PAI research agent),2026-04-05,,Holly (PAI),verify
brussels-bomber-command-memorial,50.85,4.35,helper.spill.balanced,estimated,0,memorial_json,OSM Battle of Britain memorial Belgian RAF aircrew (50.8934 4.3488),Holly (PAI research agent),2026-04-05,,Holly (PAI),none
buckden-pike-wellington-n-2848,54.1966,-2.0592,courage.drawn.snipped,confirmed,2,memorial_json,OSM node named Buckden Pike Memorial Cross (54.1965934 -2.0592130),Holly (PAI research agent),2026-04-05,,Holly (PAI),none
bunny-church-hj767,52.8608,-1.1358,rear.trendy.plankton,approximate,1,memorial_json,DBpedia Bunny Nottinghamshire (52.8608 -1.1358),Holly (PAI research agent),2026-04-05,,Holly (PAI),verify
bury-lv971,52.437,-0.117,wanderers.expropriate.spiders,estimated,0,memorial_json,"Photon geocoder — Bury village PE26 2NP at 52.437, -0.117",Holly (PAI),2026-04-05,,"INACCURATE. Previous coords (52.309, 0.234) ~15km SE of Bury — near Longstanton/Swavesey. Bury (PE26, Huntingdonshire) is at 52.437, -0.117. No crash-specific coordinates recoverable from open web. Vi",none
bwlchgwyn-near-wrexham-raf-bomber-type-vari,53.0647,-3.0852,hoot.owes.rewriting,approximate,1,memorial_json,GeoNames — Bwlchgwyn village at 53.072 -3.100,Holly (PAI),2026-04-05,,"Current coords (53.0647, -3.0852) are ~800m SSE of village centre on high moorland above Bwlchgwyn — plausible position for a crash on the ridge rather than in the village itself. Not clearly wrong. C",verify
cairnsmore-of-fleet-ww2-crashes-1-post-war-commemorated-,54.9759,-4.3426,vibrate.skyrocket.stone,confirmed,2,memorial_json,OSM node 443902858 (54.9757604 -4.3427327),Holly (PAI research agent),2026-04-05,,Holly (PAI),none
california-gap-wellington-z-8397,52.6469,1.7278,thing.loyal.vines,confirmed,2,memorial_json,"Photon geocoder — California village at 52.673, 1.718 (Ormesby St Margaret with Scratby parish)",Holly (PAI),2026-04-05,,"ACCURATE. Current coords (52.6469, 1.7278) sit 3km south of California village on Norfolk coast between Caister and Scratby — consistent with a coastal dune gap position. No contradicting source found",none
calverton-fairey-battle-l-5499,53.0175,-1.0529,overpaid.renews.body,estimated,0,memorial_json,Photon — Calverton district 53.0367 -1.0860 (3-4km from current coords),Holly (PAI),2026-04-05,,"UNCERTAIN. Village centre ~3-4km from current coords, but crash site memorials may be offset. Coords retained pending primary source research. FLAG: This entry is an exact duplicate of calverton-faire",none
calverton-fairey-battle-l5499,53.0175,-1.0529,overpaid.renews.body,estimated,0,memorial_json,Confirmed duplicate of calverton-fairey-battle-l-5499,Holly (PAI),2026-04-05,,"DUPLICATE RECORD. Identical aircraft serial L5499, identical squadron, date, and coordinates as calverton-fairey-battle-l-5499. ID differs only in hyphen formatting. Recommend deduplication — retain o",none
canberra-bomber-command-memorial,-35.2799,149.1468,cliff.types.laws,confirmed,2,memorial_json,Photon geocoder — Bomber Command Memorial Limestone Avenue Campbell ACT: -35.2799 149.1468,Holly (PAI),2026-04-05,,INACCURATE. Previous longitude 149.13 was ~1.7km too far west. Two independent Photon queries agree at 149.1468. Confidence confirmed.,none
carleton-rode-1-b-24-44-10513-old-gl,52.4913,1.1114,website.teardrop.revives,approximate,1,memorial_json,"Photon geocoder — Carleton Rode village NR16 1RL at 52.4913, 1.1114",Holly (PAI),2026-04-05,,"INACCURATE. Previous coords (52.680, 0.896) ~22km too far NW near Swaffham/Litcham. Both geocoders agree Carleton Rode village is at 52.491, 1.111. 44-10513 and 42-50452 collided 21-Nov-44 — both shou",verify
carleton-rode-2-b-24-42-50452-earthq,52.4913,1.1114,website.teardrop.revives,approximate,1,memorial_json,"Photon geocoder — Carleton Rode village NR16 1RL at 52.4913, 1.1114",Holly (PAI),2026-04-05,,"INACCURATE. Previous coords (52.807, 0.950) ~36km too far NW near Fakenham/Guist. Same mid-air collision as carleton-rode-1 on 21-Nov-44 — both aircraft came down in same general area. Village centroi",verify
carn-a-choire-mhoir-n1498,57.33675,-3.925388,spirits.ballroom.estimated,approximate,1,memorial_json,"GeoNames — Carn a Choire Mhoir at 57.33675 -3.925 (627m hill, Monadhliath)",Holly (PAI),2026-04-05,,"CRITICAL ERROR. Previous coords (57.408537, -5.106088) are in Wester Ross near Beinn Eighe/Torridon — ~80km west of Tomatin. Carn a Choire Mhoir is in the Monadhliath range at ~NH645285. GeoNames conf",verify
carn-bica-mountain-ev881,51.95953763002024,-3.547260745909707,bolt.appoints.homelands,estimated,0,memorial_json,"Research agent — Carn Bica identity inconclusive; may be Fan y Big (51.876, -3.401) or Pembrokeshire Preseli",Holly (PAI),2026-04-05,,"UNCERTAIN. Current coords (51.960, -3.547) not confirmed correct but identity of Carn Bica mountain not resolved by research. Agent identified possible identification with Fan y Big (51.876, -3.401) b",none
carneddau-black-ladders-wellington,53.1732,-3.9882,additives.nudge.stoppage,approximate,1,memorial_json,Research: Carnedd Dafydd at 53.1473 -4.002; Carnedd Llewelyn at 53.1606 -3.9693,Holly (PAI),2026-04-05,,"Current coords (53.1732, -3.9882) are in the correct Carneddau area ~2km north of Carnedd Dafydd — plausible for the Black Ladders cliff face area. Not confirmed exact but not clearly wrong. Confidenc",verify
carreg-goch-wellington-mf509-mf509,51.8387,-3.7159,prepped.nuns.bundles,approximate,1,memorial_json,Photon OSM — Carreg Goch peak Powys at 51.8387 -3.7159 (same coords as R1465),Holly (PAI),2026-04-05,,"INACCURATE. Previous coords (51.863, -3.41) ~30km too far east. Both MF509 and R1465 crashed on Carreg Goch peak — same correction applied as R1465. OSM/GeoNames both confirm 51.838-51.839 -3.715 to -",verify
carreg-goch-wellington-r1465-r1465,51.8387,-3.7159,prepped.nuns.bundles,approximate,1,memorial_json,Photon OSM — Carreg Goch natural peak Powys at 51.8387 -3.7159,Holly (PAI),2026-04-05,,"INACCURATE. Previous coords (51.8716, -3.3630) ~30km too far east near Brecon town. OSM has unambiguous natural/peak node for Carreg Goch in Powys at 51.8387 -3.7159 (SA9 1GJ). The actual crash wrecka",verify
cave-hill-b-17-flying-fortress,54.634,-5.928,declaring.affords.unabashedly,approximate,1,memorial_json,WartimeNI (wartimeni.com) — crash on Cave Hill Belfast documented,Holly (PAI research agent),2026-04-05,,Holly (PAI),verify
cawston-1-hampden-p-4405,52.7706,1.1641,adopt.procured.outsmart,approximate,1,memorial_json,Photon OSM — Cawston village place/village Norfolk at 52.7706 1.1641,Holly (PAI),2026-04-05,,"INACCURATE. Previous coords (52.797, 1.022) ~7km NW of Cawston near Reepham — no connection to village. OSM village node at 52.7706 1.1641 confirmed by two independent queries. Village centroid used.",verify
caythorpe-heath-lj450,53.0271,-0.548,occupy.remix.searcher,approximate,1,memorial_json,Photon OSM — Caythorpe Heath named locality at 53.0271 -0.5480,Holly (PAI),2026-04-05,,"INACCURATE. Previous coords (53.249, -0.448) ~25km north near Aubourn with no Caythorpe connection. OSM has named locality 'Caythorpe Heath' at 53.0271, -0.5480 matching memorial ID. RAF Wigsley base ",verify
caythorpe-station-pb812,53.025,-0.6033,spellings.assemble.chariots,estimated,0,memorial_json,Photon OSM — Caythorpe village at 53.0250 -0.6033,Holly (PAI),2026-04-05,,"INACCURATE. Previous coords (53.138, -0.199) ~16km NE near Metheringham with no Caythorpe connection. No railway station 'Caythorpe Station' found in OSM. Village centroid used as fallback — confidenc",none
chediston-dv930,52.3407,1.4498,anchors.trendy.directive,confirmed,2,memorial_json,Photon OSM — Chediston village at 52.3467 1.4609,Holly (PAI),2026-04-05,,"ACCURATE. Current coords (52.3407, 1.4498) ~1.5km SW of village centre — consistent with agricultural land within Chediston parish. Entirely plausible for field crash. Confidence upgraded from estimat",none
cheviot-hills-memorial-multiple-aircraft-co,55.478,-2.148,directionally.rightmost.stony,approximate,1,memorial_json,Research: Cheviot summit plateau at ~55.478 -2.148,Holly (PAI),2026-04-05,,"INACCURATE. Current coords (55.375, -1.902) fall at longitude of coastal plain near Alnwick, not in the Cheviot Hills. Summit area at ~55.478, -2.148 is a better approximation for a general Cheviot me",verify
cheviot-hills-wellington-z1078-z1078,55.25955915676337,-2.03799961199424,highlight.universal.chest,estimated,0,memorial_json,Research: current coords 55.260 -2.038 in southeastern Cheviot foothills near Alwinton/upper Coquet,Holly (PAI),2026-04-05,,"UNCERTAIN. Current coords (55.260, -2.038) in southeastern Cheviot foothills near Alwinton/upper Coquet — not obviously wrong for a Cheviot area crash but no direct source confirmation found. Kept as-",none
chippenham-bk784,52.302,0.437,gardens.attends.expensive,approximate,1,memorial_json,Research: Chippenham Cambridgeshire village at 52.302 0.437,Holly (PAI),2026-04-05,,"INACCURATE. Previous coords (52.167, 0.228) ~16km SW of Chippenham village — in Cambridge suburban area, not near Chippenham. Village centre at 52.302, 0.437 used as correction.",verify
chipping-warden-1-lp286,52.136,-1.272,wanderers.expropriate.spiders,approximate,1,memorial_json,Postcodes.io — Chipping Warden OX17 at 52.136 -1.274,Holly (PAI),2026-04-05,,"INACCURATE. Previous coords (52.256, -1.013) ~13km NE near Northampton. Chipping Warden village/RAF airfield (12 OTU) confirmed at ~52.136-52.143 -1.272 to -1.277 by three sources. Both CW sites show ",verify
chipping-warden-2-wellington-r-1037,52.136,-1.272,wanderers.expropriate.spiders,approximate,1,memorial_json,Postcodes.io — Chipping Warden OX17 at 52.136 -1.274,Holly (PAI),2026-04-05,,"INACCURATE. Previous coords (52.337, -0.860) ~26km NE near Wellingborough. Same systematic displacement as LP286. Both Chipping Warden entries corrected to village/airfield at ~52.136 -1.272.",verify
clenchwarton-multi-crash-memorial-hr832-mosquito-dd717-blenheim-z-7278,52.7572,0.3549,flat.export.pillow,approximate,1,memorial_json,Research geocoder — Clenchwarton village PE34 at 52.7572 0.3549,Holly (PAI),2026-04-05,,"INACCURATE. Previous coords (52.7546, 0.341) ~870m west of Clenchwarton village. Corrected to village centre at 52.7572, 0.3549.",verify
cloot-drove-nd981-and-lancaster-me625-mid-air-collision-,52.6947,-0.157,indulges.speeded.herds,approximate,1,memorial_json,OSM — Cloot Drove road in Crowland South Holland Lincolnshire at ~52.695 -0.157,Holly (PAI),2026-04-05,,"INACCURATE. Previous coords (52.338, -0.250) ~40km south near Oundle Northamptonshire — wrong county. OSM confirms Cloot Drove is a real road in Crowland, South Holland, Lincolnshire at ~52.695, -0.15",verify
colchester-dv177,51.8897,0.8993,boots.stones.camp,approximate,1,memorial_json,Research: Colchester at 51.890 0.899 confirmed,Holly (PAI),2026-04-05,,"INACCURATE. Current coords (51.729, 0.369) are in wrong part of Essex — longitude 0.369 vs correct ~0.899. Current latitude also too far south. Corrected to Colchester area at 51.8897, 0.8993.",verify
colsterdale-jb926,54.2272,-1.7942,greed.deliver.animate,approximate,1,memorial_json,Postcodes.io — Colsterdale hamlet at 54.2243 -1.8088,Holly (PAI),2026-04-05,,"INACCURATE. Previous coords (53.904, -1.354) ~36km SSE near Knaresborough suburbs. All sources converge on Colsterdale at ~54.226 -1.79 to -1.81. Hamlet node at 54.2272 -1.7942 used. Crash on moorland",verify
cotgrave-place-wellington-w-5365,52.912,-1.0426,thank.date.valued,approximate,1,memorial_json,Postcodes.io — Cotgrave NG12 at 52.9120 -1.0426,Holly (PAI),2026-04-05,,"INACCURATE. Previous coords (52.928, -1.063) ~2.2km NNW of Cotgrave village — in Gamston/West Bridgford area. Both geocoders agree on 52.912 -1.042. Note: 'Cotgrave Place' may refer to a specific farm",verify
coveney-double-lancaster-crash-ll667-and-lancaster-ll867,52.4172,0.1884,feasting.doormat.supplier,approximate,1,memorial_json,Postcodes.io — Coveney CB6 at 52.4165 0.1873,Holly (PAI),2026-04-05,,"INACCURATE. Previous coords (52.267, 0.042) ~17km SW near Royston/Melbourn — no connection to Coveney. Both APIs agree tightly at 52.417, 0.188 (Ely Fens). Village centroid used — crash site likely in",verify
craiglockhart-view-edinburgh-area-x3707,55.9242,-3.2381,remit.nail.passes,confirmed,2,memorial_json,Photon OSM — Craiglockhart View street EH14 1BX at 55.9242 -3.2381,Holly (PAI),2026-04-05,,"CRITICAL ERROR. Previous coords (53.671, -0.120) near Scunthorpe Lincolnshire — over 250km from Edinburgh. All three API sources converge at 55.921-55.924 -3.238 to -3.243. Street 'Craiglockhart View'",none
crowland-mid-air-collision-me265-lancaster-nd981,52.6757,-0.1684,patting.gambles.risky,approximate,1,memorial_json,Postcodes.io — Crowland PE6 at 52.6758 -0.1684,Holly (PAI),2026-04-05,,"INACCURATE. Previous coords (53.163, -0.165) ~54km north near Coningsby/Woodhall Spa. Both APIs agree with exceptional precision at 52.6757-52.6758 -0.1684 (identical longitude). Longitude correct; la",verify
desborough-an534,52.4414,-0.8125,coil.sprayer.stumps,approximate,1,memorial_json,Photon OSM — Desborough town NN14 at 52.4414 -0.8125,Holly (PAI),2026-04-05,,"INACCURATE. Previous coords (52.202, -0.931) ~27km south ~12km west near Brixworth/Northampton. Two APIs differ slightly in longitude (~1km). Best single estimate 52.4414 -0.8125 (Photon OSM town node",verify
dry-doddington-pb432,53.0107,-0.7323,sharpens.prefer.decoded,confirmed,2,memorial_json,Photon OSM — Dry Doddington village at 53.0107 -0.7323,Holly (PAI),2026-04-05,,"INACCURATE. Previous coords (53.073, -0.200) — longitude error alone was ~53km east (current -0.200 vs correct -0.733). Both APIs within 11m of each other. One of the most confidently correctable erro",none
dunbeath-short-sunderland-mk-,58.249,-3.43,unscathed.enhanced.blown,approximate,1,memorial_json,Postcodes.io — Dunbeath KW6 east Caithness at 58.249 -3.430,Holly (PAI),2026-04-05,,"INACCURATE. Previous coords (57.366, -5.122) placed on west coast near Skye. Dunbeath is on east coast of Caithness (KW6). Longitude error ~1.7 degrees, latitude error ~0.9 degrees. Both sources agree",verify
earith-mid-air-collision-w7467-and-hurricane-v6865,52.3538,0.0311,legend.finger.gobbles,approximate,1,memorial_json,Postcodes.io — Earith PE28 Huntingdonshire at 52.354 0.031,Holly (PAI),2026-04-05,,"INACCURATE. Previous coords (52.183, 0.016) ~19km south near Cambridgeshire/Hertfordshire border. Earith village (PE28, Huntingdonshire) confirmed at 52.354 0.031 by both sources.",verify
easby-moor-hudson-n-7294,54.482,-1.0917,graph.boss.breezes,approximate,1,memorial_json,Photon OSM — Easby Moor named entry at 54.482 -1.092,Holly (PAI),2026-04-05,,"INACCURATE. Previous coords (53.986, -1.436) ~55km south near Harrogate/Ripon — completely wrong. Easby Moor is above Great Ayton in Cleveland Hills. Photon has named Easby Moor node at 54.482 -1.092.",verify
east-moor-near-sutton-on-the-forest-general-memorial-to-,54.0747,-1.1149,nurses.gathers.prune,approximate,1,memorial_json,Postcodes.io — Sutton-on-the-Forest YO61 at 54.075 -1.115,Holly (PAI),2026-04-05,,"INACCURATE. Previous coords (53.761, -1.371) ~35km south near Garforth/Leeds. RAF East Moor was near Sutton-on-the-Forest (YO61). Both sources agree 54.074-54.075 -1.108 to -1.115.",verify
east-stockwith-me323,53.4407,-0.8141,influence.aura.rocket,confirmed,2,memorial_json,Postcodes.io — East Stockwith DN21 at 53.441 -0.814,Holly (PAI),2026-04-05,,"INACCURATE. Previous coords (53.098, -0.165) ~38km south near Lincoln city — also 0.65 degrees too far east. East Stockwith (DN21, River Trent, Lincolnshire) confirmed at 53.441 -0.814 by both sources",none
eindhoven-bomber-command-memorial,51.4393,5.4786,mule.dates.widget,approximate,1,memorial_json,Photon — Eindhoven city centre at 51.4393 5.4786,Holly (PAI),2026-04-05,,"Minor correction. Current coords (51.44, 5.47) are low-precision — corrected to Eindhoven city centre at 51.4393 5.4786. ~750m improvement.",verify
elsham-wolds-jd386,53.6108,-0.4078,sketching.covenants.townhouse,approximate,1,memorial_json,Research: Elsham Wolds airfield near Brigg N Lincolnshire at ~53.611 -0.408,Holly (PAI),2026-04-05,,"INACCURATE. Previous coords (53.088, -0.401) ~58km south near Sleaford. Elsham Wolds (RAF Elsham Wolds, near Brigg, North Lincolnshire) is at ~53.611 -0.408. Confidence approximate.",verify
elvetham-consolidated-liberat,51.3014,-0.8796,ended.fixated.cabs,approximate,1,memorial_json,Photon — Elvetham Hall/hotel (estate) at 51.3014 -0.8796,Holly (PAI),2026-04-05,,"INACCURATE. Previous coords (51.130, -1.219) ~18km WSW near Winchester/Stockbridge. Elvetham is near Fleet/Hook, Hart district Hampshire. Both sources agree ~51.297-51.301 -0.871 to -0.880. Used Photo",verify
fairy-lochs-b-24-liberator-42-95,57.7182,-5.6175,volcano.pedicure.giraffes,estimated,0,memorial_json,Photon — Two Lochs area Gairloch at 57.7311 -5.6999 (~2km NW),Holly (PAI),2026-04-05,,PLAUSIBLE but unverifiable via geocoding. Current coords 57.7182 -5.6175 are geographically consistent with Wester Ross location east of Gairloch. B-24 wreck is documented dive site but not in OSM. Re,none
farnsfield-halifax-mz519,53.092038,-1.040227,grouping.reclusive.call,confirmed,2,memorial_json,"IWM War Memorials Register ref 32217 — GPS 53.092038, -1.040227",Holly (PAI),2026-04-05,,"CONFIRMED ERROR in v1. Previous coords (53.0836, -1.0234) placed pin at Farnsfield village centre. Previous w3w deeply.knowledge.farmer resolves to Uttar Pradesh, India — completely wrong. Correct loc",none
felixstowe-docks-hampden-p-1340,51.9557,1.313,cackling.half.nation,approximate,1,memorial_json,Photon — Port of Felixstowe industrial area at 51.9557 1.3130,Holly (PAI),2026-04-05,,"Minor correction. Current coords (51.9397, 1.317) ~1.8km south of Port of Felixstowe. Corrected to port/docks area at 51.9557 1.3130.",verify
felixstowe-lm258,51.9569,1.3474,playoffs.resolves.expanded,approximate,1,memorial_json,Research: coords within ~1km of Felixstowe town centre — plausible,Holly (PAI),2026-04-05,,"ACCURATE. Current coords (51.9569, 1.3474) within ~1km of Felixstowe town — consistent with coastal Suffolk. Confidence upgraded from estimated to approximate.",verify
ffridd-rhosfarch-wellington,52.6048,-3.9411,tweed.allows.drop,approximate,1,memorial_json,Photon — Rhosfarch near Machynlleth Gwynedd at 52.6048 -3.9411,Holly (PAI),2026-04-05,,"INACCURATE. Previous coords (52.020, -3.454) ~70km SE — in Brecon Beacons, not near Machynlleth/Gwynedd. Ffridd Rhosfarch is a hillside near Machynlleth. Corrected to 52.6048 -3.9411.",verify
florennes-raf-memorial,50.24,4.65,scavenger.clamping.bluntest,approximate,1,memorial_json,Photon — Florennes city centre Belgium at 50.2514 4.6030,Holly (PAI),2026-04-05,,"PLAUSIBLE. Current coords (50.24, 4.65) ~4km SE of Florennes town centre — consistent with the airbase location. Confidence upgraded from estimated to approximate.",verify
foulsham-mid-air-collision-beaufighter-v-8715-a,52.784,1.012,graced.wager.callers,approximate,1,memorial_json,Photon — Foulsham village Norfolk at 52.7840 1.0120,Holly (PAI),2026-04-05,,"INACCURATE. Previous coords (52.588, 0.862) ~22km SW of Foulsham village. Corrected to 52.7840 1.0120.",verify
garrowby-hill-area-various-bomber-comma,54.0023,-0.7491,skyrocket.fells.scary,approximate,1,memorial_json,Photon OSM — Garrowby Hill natural peak at 54.0023 -0.7491 East Riding,Holly (PAI),2026-04-05,,"INACCURATE. Previous coords (53.214, -0.738) in Lincolnshire ~87km south — completely wrong region and county (was labelled Pennines but is East Riding). OSM confirms Garrowby Hill peak at 54.0023 -0.",verify
garvestone-b-24-liberator-42-95,52.6263,0.9894,modules.unwound.brings,approximate,1,memorial_json,Research: Garvestone village Norfolk at ~52.626 0.989,Holly (PAI),2026-04-05,,"INACCURATE. Previous coords (52.666, 1.092) ~4.8km north and ~11km east of Garvestone. Corrected to village at 52.6263 0.9894.",verify
godmanchester-n3703,52.3193,-0.175,grow.townhouse.complains,approximate,1,memorial_json,Postcodes.io — Godmanchester PE29 Huntingdonshire at 52.3193 -0.1750,Holly (PAI),2026-04-05,,INACCURATE. Longitude sign error — current +0.073 places site ~27km east near Fen area; correct longitude is NEGATIVE (-0.175) as Godmanchester is west of Greenwich meridian. Near Huntingdon. Confiden,verify
gonalston-lancaster-l7578,53.0199,-0.9887,tagging.comedians.candles,approximate,1,memorial_json,Postcodes.io — Gonalston Nottinghamshire at 53.0199 -0.9887,Holly (PAI),2026-04-05,,"MINOR CORRECTION. Current coords (53.0167, -0.9833) are rounded version ~400m from verified village centre. Updated to 53.0199 -0.9887 from postcodes.io.",verify
great-ashfield-385th-bomb-group,52.271972,0.923361,,approximate,2,memorial_json,"All Saints Church GPS confirmed from IWM WMR-4673 record: 52.271972N, 0.923361E",Holly (PAI),2026-04-06,,Church coordinates confirmed. Airfield gate plaque location needs field visit to confirm precise GPS and what3words.,verify
great-carrs-ll505-s-for-sugar-,54.3988,-3.1248,cape.timer.shunning,confirmed,2,memorial_json,Photon OSM — Great Carrs named peak Coniston at 54.3988 -3.1248,Holly (PAI),2026-04-05,,"INACCURATE. Previous coords (54.528, -2.830) ~14km north of Great Carrs, near Haweswater. OSM has named peak 'Great Carrs' at 54.3988 -3.1248 above Wrynose Pass, Coniston Fells. Confidence confirmed (",none
great-dun-fell-blea-crag-bb310,54.6841,-2.4516,cashiers.sleep.vast,confirmed,2,memorial_json,Photon OSM — Great Dun Fell peak at 54.6841 -2.4516 (North Pennines Milburn),Holly (PAI),2026-04-05,,"CRITICAL ERROR. Previous coords (52.173, -1.299) in Northamptonshire near Daventry — ~280km south of actual fell. Great Dun Fell is highest point in North Pennines confirmed by OSM at 54.6841 -2.4516.",none
great-gransden-hayley-wood-jb219,52.1599375,-0.112958,coasting.doubt.smiles,approximate,1,memorial_json,Photon.komoot.io — Great Gransden Hayley Wood NR area 52.1599 -0.1130,Holly (PAI),2026-04-05,,"CORRECTION. Current coords (52.307, 0.007) ~16km NE of Great Gransden near St Neots. Correct village area at 52.160, -0.113 near Hayley Wood NR.",verify
great-rissington-lamb-inn-r1028,51.854597,-1.711618,newsstand.student.panic,approximate,1,memorial_json,Photon.komoot.io — Great Rissington Gloucestershire at 51.8546 -1.7116,Holly (PAI),2026-04-05,,"CORRECTION. Current coords (51.890, -2.011) ~25km west of Great Rissington. Correct village near Bourton-on-the-Water at 51.8546, -1.7116.",verify
great-whernside-dt578,54.1610297,-1.9982687,renews.fillings.swoop,approximate,1,memorial_json,Postcodes.io — Great Whernside fell North Yorkshire at 54.1610 -1.9983,Holly (PAI),2026-04-05,,"CORRECTION. Current coords (53.759, -1.207) ~43km south of Great Whernside near Bradford area. Great Whernside is a peak in the Yorkshire Dales at 54.161, -1.998.",verify
greensted-juxta-ongar-pb512,51.7043862,0.2254821,charmingly.dusty.weedy,approximate,1,memorial_json,Photon.komoot.io — Greensted Juxta Ongar Essex at 51.7044 0.2255,Holly (PAI),2026-04-05,,"CORRECTION. Current coords (51.883, 0.611) ~22km northeast of Greensted Juxta Ongar. Correct village at 51.704, 0.225.",verify
grimston-hill-wellington-ms471,53.1667,-1.0833,faded.belt.hydration,approximate,1,memorial_json,No definitive match — current coords plausible for Grimston Hill area Nottinghamshire,Holly (PAI),2026-04-05,,"NO CHANGE. Current coords (53.167, -1.083) are rounded but plausible for Grimston Hill, Nottinghamshire. No specific village match available; coordinates retained.",verify
halam-lancaster-ed823,53.0889,-0.9778,presides.spite.panicking,approximate,1,memorial_json,Photon.komoot.io confirms Halam Nottinghamshire ~1km from current coords — plausible,Holly (PAI),2026-04-05,,"NO CHANGE. Current coords (53.089, -0.978) within ~1km of Halam village centroid. Plausible for crash site near village.",verify
halifax-area-dk192,53.7229229,-1.8604874,clap.tries.long,approximate,1,memorial_json,Photon.komoot.io — Halifax West Yorkshire at 53.7229 -1.8605,Holly (PAI),2026-04-05,,"CORRECTION. Current coords (54.005, -0.761) ~34km northeast near Malton. Halifax WY town centre at 53.723, -1.860.",verify
hamburg-bombing-memorial,53.55,9.99,routine.farm.lights,approximate,1,memorial_json,Photon.komoot.io — Hamburg city area confirms 53.55 9.99 plausible (~700m from centre),Holly (PAI),2026-04-05,,"NO CHANGE. Current coords (53.55, 9.99) confirmed within ~700m of Hamburg city centre. Appropriate for memorial location.",verify
hameldown-x3054,50.6031,-3.8302,originate.decency.backup,confirmed,2,memorial_json,Photon.komoot.io — Hameldown Tor/Ridge OSM natural peak at 50.6031 -3.8302 Dartmoor,Holly (PAI),2026-04-05,,"CORRECTION. Current coords (50.793, -3.362) ~24km east of Hameldown Ridge on Dartmoor. OSM has named natural peak at 50.603, -3.830. Confidence upgraded to confirmed.",none
hatcliffe-top-jb596,53.4981343,-0.1493446,subsets.laminate.punks,approximate,1,memorial_json,Photon.komoot.io — Hatcliffe Top farm feature near Hatcliffe Lincolnshire at 53.498 -0.149,Holly (PAI),2026-04-05,,"CORRECTION. Current coords (53.264, -0.172) ~26km south near Caistor. Hatcliffe Top feature confirmed at 53.498, -0.149.",verify
hempnall-dz587,52.5013169,1.2974992,should.grin.fines,approximate,1,memorial_json,Photon.komoot.io — Hempnall Norfolk at 52.501 1.297,Holly (PAI),2026-04-05,,"CORRECTION. Current coords (52.765, 1.062) ~29km north of Hempnall. Hempnall village Norfolk at 52.501, 1.297.",verify
henham-park-multiple-incidents-b-24-42-110033-arizo,52.3490531,1.5997968,gossiping.lives.urgent,approximate,1,memorial_json,Photon.komoot.io — Henham Park Suffolk at 52.349 1.600,Holly (PAI),2026-04-05,,"CORRECTION. Current coords (52.266, 1.160) ~20km southwest of Henham Park. Correct location near Southwold Suffolk at 52.349, 1.600.",verify
high-ercall-area-various-mosquito-wel,52.7523841,-2.6076073,hobby.trackers.hazy,approximate,1,memorial_json,Photon.komoot.io — High Ercall Shropshire at 52.752 -2.608,Holly (PAI),2026-04-05,,"CORRECTION. Current coords (52.702, -2.728) ~10km west of High Ercall. Village at 52.752, -2.608.",verify
higher-shelf-stones-boeing-rb-29a-superf,53.4497903,-1.8675419,stole.engulfing.foot,confirmed,2,memorial_json,Photon.komoot.io — Higher Shelf Stones OSM natural point at 53.4498 -1.8675 Peak District,Holly (PAI),2026-04-05,,"MINOR CORRECTION. Current coords (53.461, -1.865) ~1.2km north of Higher Shelf Stones. OSM has named natural feature at 53.4498, -1.8675. Confidence confirmed (OSM natural point).",none
hindolveston-bk440,52.8230822,1.020159,tribes.carrots.derailed,approximate,1,memorial_json,Photon.komoot.io — Hindolveston Norfolk at 52.823 1.020,Holly (PAI),2026-04-05,,"CORRECTION. Current coords (52.732, 1.060) ~10km south of Hindolveston. Correct village at 52.823, 1.020.",verify
hiroshima-peace-memorial,34.3931714,132.4523008,rollers.points.woods,confirmed,2,memorial_json,Photon.komoot.io — Hiroshima Peace Memorial Park OSM relation at 34.3932 132.4523,Holly (PAI),2026-04-05,,"MINOR CORRECTION. Current coords (34.39, 132.45) are rounded approximation ~300m from Peace Memorial Park centroid. Updated to OSM park centroid 34.3932, 132.4523.",none
holmpton-avro-manchester-l-75,53.689248,0.0686426,urgent.potions.masks,approximate,1,memorial_json,Photon.komoot.io — Holmpton village East Riding coast at 53.6892 +0.0686,Holly (PAI),2026-04-05,,"CORRECTION. Current coords (53.952, -1.411) near York/Harrogate area — clearly wrong. Holmpton is a coastal village on Holderness at 53.689, +0.069 (positive longitude, east coast).",verify
honeybourne-area-z2639,52.0947326,-1.8319572,silently.widgets.ghosts,approximate,1,memorial_json,Photon.komoot.io — Honeybourne Worcestershire near Evesham at 52.095 -1.832,Holly (PAI),2026-04-05,,"CORRECTION. Current coords (52.154, -1.633) ~17km NE near Southam/Leamington in wrong county (Warwickshire). Honeybourne is in Worcestershire near Evesham at 52.095, -1.832.",verify
houghton-st-martin-pb351,52.8819345,0.8590086,lined.options.losing,approximate,1,memorial_json,Photon.komoot.io — Houghton St Giles Norfolk (alt. St Martin) at 52.882 0.859 near Fakenham,Holly (PAI),2026-04-05,,"CORRECTION. Current coords (52.794, 0.919) ~10km south of Houghton St Giles (St Martin). Correct village near Fakenham at 52.882, 0.859.",verify
hoveringham-1-jb125,53.0134312,-0.9589177,plant.dissolves.surcharge,approximate,1,memorial_json,Photon.komoot.io — Hoveringham Nottinghamshire River Trent at 53.013 -0.959,Holly (PAI),2026-04-05,,"CORRECTION. Current coords (53.175, -1.063) ~18km north near Mansfield. Hoveringham is on the Trent SE of Nottingham at 53.013, -0.959.",verify
hoveringham-2-lm308,53.0134312,-0.9589177,plant.dissolves.surcharge,approximate,1,memorial_json,Photon.komoot.io — Hoveringham Nottinghamshire at 53.013 -0.959 (same village as Hoveringham-1),Holly (PAI),2026-04-05,,"CORRECTION. Current coords (53.055, -0.976) ~4.7km north of Hoveringham village. Corrected to village centroid 53.013, -0.959.",verify
hull-bridge-1-jb874,53.8608647,-0.3969859,according.successor.committee,approximate,1,memorial_json,Photon.komoot.io — Hull Bridge area near Tickton TA17 HU17 9SB at 53.861 -0.397,Holly (PAI),2026-04-05,,"CORRECTION. Current coords (53.916, -1.331) ~65km west near Harrogate area. Hull Bridge is near Tickton ER Yorkshire at 53.861, -0.397.",verify
hull-bridge-2-bb373,53.8608647,-0.3969859,according.successor.committee,approximate,1,memorial_json,Photon.komoot.io — Hull Bridge area near Tickton at 53.861 -0.397 (same location as Hull Bridge 1),Holly (PAI),2026-04-05,,"CORRECTION. Current coords (53.921, -1.244) ~60km west. Hull Bridge 1 and 2 are both near Tickton HU17 at 53.861, -0.397 (same aircraft collision 1943-08-24).",verify
kessingland-b-24-liberator-41-28,52.4197397,1.7122444,gurgled.recruiter.credible,approximate,1,memorial_json,Photon.komoot.io — Kessingland Suffolk coast at 52.420 1.712,Holly (PAI),2026-04-05,,"CORRECTION. Current coords (52.050, 1.067) ~42km southwest near Ipswich. Kessingland is a coastal village in Suffolk at 52.420, 1.712.",verify
kinder-scout-1-w5719,53.3848179,-1.8739001,insurers.writing.puddings,confirmed,2,memorial_json,Photon.komoot.io — Kinder Scout OSM natural plateau at 53.3848 -1.8739,Holly (PAI),2026-04-05,,"CORRECTION. Current coords (53.381, -1.551) ~20km east of Kinder Scout, in Sheffield area. Kinder Scout plateau at 53.385, -1.874 (OSM named peak). Confidence confirmed.",none
kinder-scout-2-aircraft-polish-crew,53.394,-1.874,wanderers.expropriate.spiders,confirmed,2,memorial_json,Photon.komoot.io — Kinder Scout area at 53.394 -1.874 (northern edge of plateau),Holly (PAI),2026-04-05,,"CORRECTION. Current coords (53.394, -1.663) ~13km east of Kinder Scout. Correct location at northern edge of Kinder plateau at 53.394, -1.874.",none
kirkley-lowestoft-ll356,52.4616414,1.7354321,trash.spray.dices,approximate,1,memorial_json,Photon.komoot.io — Kirkley locality Lowestoft Suffolk at 52.4616 1.7354,Holly (PAI),2026-04-05,,"MINOR CORRECTION. Current coords (52.458, 1.739) ~0.4km from Kirkley centroid. Updated to locality centroid 52.462, 1.735.",verify
laughterton-1-eh940,53.27475331864182,-0.7449671407874179,photos.earpiece.last,approximate,1,memorial_json,Postcodes.io + Photon — Laughterton village West Lindsey Lincolnshire at 53.275 -0.745,Holly (PAI),2026-04-05,,"MAJOR CORRECTION. Current coords (53.143, -0.335) both axes wrong — ~14km too far south and ~40km too far east. Laughterton village at 53.275, -0.745.",verify
laughterton-2-lm292,53.27475331864182,-0.7449671407874179,photos.earpiece.last,approximate,1,memorial_json,Postcodes.io + Photon — Laughterton village West Lindsey Lincolnshire at 53.275 -0.745,Holly (PAI),2026-04-05,,CORRECTION. Latitude near-correct (53.267 vs 53.275) but longitude severely wrong: -0.172 vs -0.745 (~40km east). Corrected to Laughterton village.,verify
laxton-lp841,53.19605761390695,-0.9209386741394011,quitter.martini.reprints,approximate,1,memorial_json,Postcodes.io — Laxton village Newark and Sherwood Nottinghamshire NG22 at 53.196 -0.921,Holly (PAI),2026-04-05,,"MAJOR CORRECTION. Current coords (53.098, -1.097) ~11km south and ~19km west of Laxton. Laxton NG22 at 53.196, -0.921.",verify
leicester-pa269,52.6362,-1.1331969,newly.assure.cook,approximate,1,memorial_json,Photon.komoot.io — Leicester city centre at 52.636 -1.133,Holly (PAI),2026-04-05,,"CORRECTION. Current coords (52.667, -1.047) ~4km northeast of Leicester city centre. Updated to city centroid 52.636, -1.133.",verify
little-atwick-hx351,53.939855178772326,-0.18787810708275837,torch.rectangular.rugs,approximate,1,memorial_json,Postcodes.io — Atwick/Little Atwick East Yorkshire coast at 53.940 -0.188,Holly (PAI),2026-04-05,,"MAJOR CORRECTION. Current coords (53.774, -1.242) ~12km south and ~110km west inland. Little Atwick is near Hornsea on the East Yorkshire coast at 53.940, -0.188.",verify
little-yeldham-hf471,52.02571,0.591859,commands.alert.poets,approximate,1,memorial_json,Local contact Adrian Corder-Birch: map nowhere near Little Yeldham (Wave 1 CRM response),"Adrian Corder-Birch (local historian), Holly (PAI geocoding)",2026-04-06,,"IMPORTANT NOTE: Adrian Corder-Birch advises this is a BURIAL SITE (church memorial), not a crash site. Sgt Ronald Victor Smith is buried here — his family lived in Little Yeldham. The Wellington HF471",verify
location-via-iwm-handley-page-halifax,52.20320183061082,-1.7690008193585556,observes.abstracts.awaiting,estimated,0,memorial_json,API check: 52.203 -1.769 is Warwickshire not Peak/Pennines — ~80km south,Holly (PAI),2026-04-05,,"FLAG FOR MANUAL REVIEW. Current coords (52.203, -1.769) are in Warwickshire (Billesley parish) not Peak/Pennines as claimed. Correct location unknown — needs IWM record check. Status downgraded to est",none
location-via-iwm-t2520,52.36529463368664,-0.7010829870978885,student.feuds.denim,estimated,0,memorial_json,API check: 52.365 -0.701 is Northamptonshire (Pytchley) not Peak/Pennines,Holly (PAI),2026-04-05,,"FLAG FOR MANUAL REVIEW. Current coords (52.365, -0.701) in Northamptonshire near Kettering — not Peak/Pennines. Correct location unknown. Status downgraded to estimated.",none
location-via-iwm-w4904,52.86133774572582,-1.891070306819895,serves.cyber.cowboys,estimated,0,memorial_json,API check: 52.861 -1.891 is Staffordshire (Kingston on Soar area) not Peak/Pennines,Holly (PAI),2026-04-05,,"FLAG FOR MANUAL REVIEW. Current coords (52.861, -1.891) in Staffordshire — not Peak/Pennines. Three IWM-sourced memorials all show same pattern of wrong-region placement. Status downgraded to estimate",none
long-bennington-lm311,52.99208,-0.756975,securing.diet.washroom,confirmed,2,memorial_json,Local contact Geoffrey Fearn: memorial is in his field — first-hand landowner confirmation (Wave 1 CRM response),Geoffrey Fearn (landowner — memorial is on his property),2026-04-06,,"Previous coords (53.334, -0.226) were ~39km north and ~46km east — major error. Geoffrey Fearn (landowner) directly confirmed the memorial is in his field and provided corrected satellite imagery. Pre",none
longside-edge-wellington-unknown-s,54.51567234929973,-2.7732698105080726,spud.frozen.march,approximate,1,memorial_json,API check: 54.516 -2.773 falls within Lake District National Park — plausible for fell crash,Holly (PAI),2026-04-05,,"NO CHANGE. Current coords (54.516, -2.773) within Lake District NP — plausible for Longside Edge fell crash site. Retained.",verify
low-bradley-hz251,53.931080811694684,-1.9938872007624815,remission.switch.furnish,approximate,1,memorial_json,Postcodes.io — Low Bradley village BD20 North Yorkshire near Skipton at 53.931 -1.994,Holly (PAI),2026-04-05,,"CRITICAL ERROR. Current coords (52.156, -0.530) are in Northamptonshire — ~196km south of Low Bradley North Yorkshire. Village near Skipton BD20 at 53.931, -1.994.",verify
manea-lk789,52.482132298748525,0.1755334614330451,weeps.cheaper.crumples,approximate,1,memorial_json,Postcodes.io — Manea Fenland Cambridgeshire PE15 at 52.482 +0.176,Holly (PAI),2026-04-05,,"CORRECTION. Current coords (52.303, -0.018) ~18km south and longitude wrong (negative/west vs east). Manea is east of the meridian in the Fens at 52.482, +0.176.",verify
marchington-wellington-mk-x,52.87515585146495,-1.8015355204457495,grinning.empty.photocopy,approximate,1,memorial_json,Postcodes.io — Marchington East Staffordshire ST14 at 52.875 -1.802,Holly (PAI),2026-04-05,,"CORRECTION. Current coords (52.769, -1.967) ~11km south and ~16km west of Marchington. Village ST14 at 52.875, -1.802.",verify
melton-mowbray-ln281,52.766373901447494,-0.8881191889013942,cracks.facing.actors,approximate,1,memorial_json,Postcodes.io — Melton Mowbray Leicestershire LE13 at 52.766 -0.888,Holly (PAI),2026-04-05,,"MAJOR CORRECTION. Current coords (52.467, -1.170) ~33km south and ~31km west of Melton Mowbray. Town LE13 at 52.766, -0.888.",verify
moordown-jp137,50.75389166644557,-1.8713726813737561,echo.neon.fixed,approximate,1,memorial_json,Postcodes.io — Moordown suburb of Bournemouth BH9 at 50.754 -1.871,Holly (PAI),2026-04-05,,"CORRECTION. Current longitude (−2.391) is ~37km west of Moordown. Moordown is a Bournemouth suburb at 50.754, −1.871.",verify
mumby-bb216,53.246166869648356,0.2739981095048998,rollers.freshen.blip,approximate,1,memorial_json,Postcodes.io — Mumby village East Lindsey LN13 at 53.246 +0.274,Holly (PAI),2026-04-05,,"CORRECTION. Current coords (53.344, -0.263) ~12km north and longitude wrong sign. Mumby is east of the meridian near Alford LN13 at 53.246, +0.274.",verify
mundford-mk773,52.51289038162398,0.6539901257060002,spud.jaunts.riches,approximate,1,memorial_json,Postcodes.io — Mundford Breckland IP26 at 52.513 +0.654,Holly (PAI),2026-04-05,,"CORRECTION. Current coords (52.550, 0.874) ~18km east of Mundford. Village in Breckland Norfolk IP26 at 52.513, 0.654.",verify
mynydd-mawr-aircraft-type-varies,53.0695576,-4.1811294,rich.fall.scorched,confirmed,2,memorial_json,Photon.komoot.io — Mynydd Mawr OSM natural peak Gwynedd LL54 at 53.070 -4.181,Holly (PAI),2026-04-05,,"CRITICAL ERROR. Current coords (52.154, -1.525) are in Warwickshire — ~130km south/east. Mynydd Mawr is a Gwynedd peak in Snowdonia near Rhyd-Ddu at 53.070, -4.181.",none
nailstone-b-17-fortress-43-377,52.659868946558454,-1.3856301201029853,ending.light.corporate,approximate,1,memorial_json,Postcodes.io — Nailstone Hinckley and Bosworth CV13 at 52.660 -1.386,Holly (PAI),2026-04-05,,"CORRECTION. Current coords (52.515, -1.213) ~17km southeast of Nailstone. Village near Hinckley CV13 at 52.660, -1.386.",verify
nanton-bomber-command-museum,50.35,-113.77,cracking.given.reclaim,confirmed,2,memorial_json,Photon.komoot.io — Nanton Alberta Canada town centroid 50.348 -113.770,Holly (PAI),2026-04-05,,"NO CHANGE. Current coords (50.35, -113.77) confirmed within Nanton Alberta town bounds. OSM centroid 50.348, -113.770 essentially identical. Confidence upgraded to confirmed.",none
near-sheldon-village-w5795,53.17301352158918,-1.824359179371043,smarting.connects.dices,approximate,1,memorial_json,Sheldon village Derbyshire at 53.216 -1.740 — current coords 5.5km SW,Holly (PAI),2026-04-05,,"NO CHANGE. Current coords (53.173, -1.824) are ~5.5km southwest of Sheldon village. Offset consistent with 'near Sheldon' description — may represent actual crash/memorial location on moorland.",verify
normandy-bomber-crew-memorial,49.18,-0.37,info.desks.flags,estimated,0,memorial_json,Current 49.18 -0.37 near Caen city — plausible broad area but coords rounded,Holly (PAI),2026-04-05,,"NO CHANGE. Coords (49.18, -0.37) appear to be a placeholder near Caen. Specific bomber crew memorial location unknown. Flagged for manual verification against source record.",none
north-kelsey-moor-lancaster-r-5672,53.5015,-0.386,overheard.examiner.cycled,approximate,1,memorial_json,Postcodes.io + Photon — North Kelsey Moor area Lincolnshire at 53.502 -0.386,Holly (PAI),2026-04-05,,"CORRECTION. Current coords (53.319, -0.226) ~20km south and ~13km east of North Kelsey Moor. Correct area at 53.502, -0.386.",verify
north-lopham-mid-air-collision-b-17-44-6137-the-abo,52.4077,0.9891,snoozing.preheated.homes,approximate,1,memorial_json,Postcodes.io + Photon — North Lopham Norfolk at 52.408 0.989,Holly (PAI),2026-04-05,,"CORRECTION. Current coords (52.622, 0.864) ~24km north and ~13km west of North Lopham. Village Norfolk at 52.408, 0.989.",verify
north-rauceby-wellington-t-2834,53.0057,-0.4784,curiosity.remembers.movie,approximate,1,memorial_json,Gillian Enstone via Ian Grady: the map is not of North Rauceby (Wave 1 CRM response),"Gillian Enstone / Ian Grady (local contacts), Holly (PAI geocoding)",2026-04-06,,"Previous coords (53.151, -0.197) were ~16km north and ~24km east of North Rauceby. Village near Sleaford NG34 confirmed. Precise memorial location within village TBC.",verify
north-thoresby-ed583,53.46652,-0.05573,redefined.join.crunches,approximate,1,memorial_json,Postcodes.io — North Thoresby NE Lincolnshire at 53.467 -0.056,Holly (PAI),2026-04-05,,"CORRECTION. Current coords ~31km SE of North Thoresby. Village DN36 at 53.467, -0.056.",verify
old-leake-wellington-w-5667,53.03122,0.09869,finishing.tungsten.buzzer,approximate,1,memorial_json,Postcodes.io — Old Leake PE22 near Boston at 53.031 +0.099,Holly (PAI),2026-04-05,,"CORRECTION. Current coords (53.234, -0.401) ~40km NW of Old Leake. Village PE22 near Boston at 53.031, +0.099 (east of meridian).",verify
paris-bomber-command-memorial,48.86,2.35,remotes.alert.snares,approximate,1,memorial_json,Photon confirms Paris city centre at 48.855 2.347 — within 0.7km,Holly (PAI),2026-04-05,,"NO CHANGE. Current coords (48.86, 2.35) confirmed near Paris city centre. Appropriate for memorial location.",verify
pen-yr-ole-wen-n9855,53.1376,-4.0106,composer.offices.texts,confirmed,2,memorial_json,Photon OSM — Pen yr Ole Wen mountain summit Gwynedd at 53.138 -4.011,Holly (PAI),2026-04-05,,"CRITICAL ERROR. Current coords (52.047, -1.440) in Warwickshire ~211km from actual mountain. Pen yr Ole Wen is a Snowdonia peak above Ogwen Valley at 53.138, -4.011.",none
pidley-dk300,52.38151,-0.04274,plotter.gear.prowl,approximate,1,memorial_json,Postcodes.io — Pidley village Huntingdonshire PE28 at 52.382 -0.043,Holly (PAI),2026-04-05,,"CORRECTION. Current coords (52.154, -0.033) ~25km south of Pidley. Village PE28 near Somersham at 52.382, -0.043.",verify
plungar-ed549,52.8971,-0.8592,spill.everyone.skyrocket,approximate,1,memorial_json,Postcodes.io — Plungar village Rushcliffe NG13 at 52.897 -0.859,Holly (PAI),2026-04-05,,"CORRECTION. Current coords (52.577, -0.988) ~35km south of Plungar. Village NG13 near Bingham at 52.897, -0.859.",verify
pocklington-ed393,53.9311,-0.7778,prove.notch.feasting,approximate,1,memorial_json,Postcodes.io — Pocklington East Yorkshire YO42 at 53.931 -0.778,Holly (PAI),2026-04-05,,"CORRECTION. Current coords (53.906, -1.281) ~35km west near Knaresborough area. Pocklington YO42 at 53.931, -0.778.",verify
raf-kinloss-area-ni440,57.6507,-3.5576,intro.elevates.traps,approximate,1,memorial_json,Postcodes.io — RAF Kinloss/Kinloss Barracks Moray IV36 at 57.651 -3.558,Holly (PAI),2026-04-05,,"CORRECTION. Current coords (57.610, -3.611) ~5km SW of RAF Kinloss. Kinloss Barracks at 57.651, -3.558.",verify
redenhall-two-b-24-crashes-b-24-42-50790-little,52.4108,1.3276,venturing.happen.bits,approximate,1,memorial_json,Postcodes.io — Redenhall Norfolk IP20 near Harleston at 52.411 1.328,Holly (PAI),2026-04-05,,"CORRECTION. Current coords (52.736, 1.048) ~36km north and ~28km west of Redenhall. Village IP20 near Harleston at 52.411, 1.328.",verify
reedham-mid-air-collision-b-17-42-37963-and-b-,52.5594,1.5684,mainly.imperious.overpower,approximate,1,memorial_json,Postcodes.io + Photon — Reedham Norfolk NR13 near the Broads at 52.559 1.568,Holly (PAI),2026-04-05,,"CORRECTION. Current coords (52.683, 1.084) ~14km north and ~50km west of Reedham. Village NR13 in Norfolk Broads at 52.559, 1.568.",verify
reigate-hill-b-17-flying-fortress,51.2546688,-0.1998369,brain.fish.hoping,confirmed,2,memorial_json,Photon OSM — Reigate Hill Surrey named feature at 51.255 -0.200,Holly (PAI),2026-04-05,,"CORRECTION. Current coords (51.068, -0.476) ~20km south/28km west of Reigate Hill. OSM named hill at 51.255, -0.200.",none
revesby-nd415,53.13357673310234,-0.05762544248204891,speared.redeeming.refrained,approximate,1,memorial_json,Postcodes.io — Revesby village East Lindsey PE22 at 53.134 -0.058,Holly (PAI),2026-04-05,,"CORRECTION. Current coords (53.059, -0.198) ~8km south and ~15km west. Revesby PE22 near Horncastle at 53.134, -0.058.",verify
roermond-b-17-crew-memorial,51.1934,5.9883,demoted.thin.attends,approximate,1,memorial_json,Photon — Roermond city centre Netherlands at 51.193 5.988,Holly (PAI),2026-04-05,,"MINOR CORRECTION. Current coords (51.19, 5.99) within ~400m of Roermond city centre. Precision update to 51.193, 5.988.",verify
rumburgh-b-24-liberator-42-51,52.380032,1.447511,signal.gashes.hawks,approximate,1,memorial_json,Teresa Goldson (Parish Council): location ~30 miles from Rumburgh village (Wave 1 CRM response),"Teresa Goldson (Rumburgh Parish Council), Holly (PAI geocoding)",2026-04-06,,"Previous coords (52.076, 1.229) were ~33km south and ~15km west — major error. Teresa Goldson noted PC doesn't recognise the memorial info; possible original data entry error in register. Village IP19",verify
rushup-edge-hampden-mk-i,53.327,-1.837,wanderers.expropriate.spiders,confirmed,2,memorial_json,Photon OSM — Rushup Edge Peak District at 53.327 -1.837,Holly (PAI),2026-04-05,,"CORRECTION. Current coords (53.239, -1.772) ~10km south of Rushup Edge. OSM named ridge at 53.327, -1.837 in Peak District.",none
salford-pb304,53.480646923251534,-2.2949984721049868,remark.gravel.ripe,approximate,1,memorial_json,Postcodes.io — Salford Greater Manchester M at 53.481 -2.295,Holly (PAI),2026-04-05,,"CORRECTION. Current coords (53.889, -2.474) ~46km north near Clitheroe/Lancashire. Salford Greater Manchester at 53.481, -2.295.",verify
salthouse-lm720,52.9496,1.0902,sprawls.elevates.windmills,approximate,1,memorial_json,Postcodes.io — Salthouse Norfolk NR25 at 52.950 1.090,Holly (PAI),2026-04-05,,"MINOR CORRECTION. Current coords (52.950, 1.090) match Salthouse NR25 to 4dp. Precision update only.",verify
scallows-hall-dv270,53.4362,-0.1241,zoned.officer.kiosk,approximate,1,memorial_json,Photon — Scallows Hall farm feature NE Lincolnshire at 53.436 -0.124,Holly (PAI),2026-04-05,,"CORRECTION. Current coords (53.323, -0.335) ~13km south of Scallows Hall farm feature. Updated to 53.436, -0.124 (NE Lincolnshire area).",verify
scawton-near-helmsley-halifax-free-french-,54.24426,-1.15946,forecast.overused.unroll,approximate,1,memorial_json,Postcodes.io — Scawton North Yorkshire YO7 near Helmsley at 54.244 -1.159,Holly (PAI),2026-04-05,,"CORRECTION. Current coords (53.937, -1.204) ~34km south near Boroughbridge. Scawton village near Helmsley YO7 at 54.244, -1.159.",verify
scredington-ed439,52.9512,-0.3734,clashes.repeating.shapes,approximate,1,memorial_json,Postcodes.io — Scredington North Kesteven NG34 at 52.951 -0.373,Holly (PAI),2026-04-05,,"CORRECTION. Current coords (53.348, -0.412) ~44km north. Scredington near Sleaford NG34 at 52.951, -0.373.",verify
screveton-1-wellington-w-4103,52.9878,-0.9089,winks.basics.wage,approximate,1,memorial_json,Postcodes.io — Screveton Nottinghamshire NG13 at 52.985 -0.912,Holly (PAI),2026-04-05,,"NO CHANGE. Current coords (52.988, -0.909) within ~0.5km of Screveton NG13 centroid. No material correction needed.",verify
sheffield-b-17-flying-fortress,53.3686,-1.5045,edges.lies.text,confirmed,2,memorial_json,Postcodes.io + Photon — Sheffield Endcliffe Park area at 53.369 -1.505,Holly (PAI),2026-04-05,,"CRITICAL CORRECTION. Current coords (53.806, -1.391) near Wetherby ~48km north. Sheffield Mi Amigo memorial is in Endcliffe Park Sheffield at 53.369, -1.505.",none
sibsey-lancaster-details-on,53.038,0.0167,wanderers.expropriate.spiders,approximate,1,memorial_json,Postcodes.io — Sibsey PE22 near Boston at 53.038 +0.017,Holly (PAI),2026-04-05,,"CORRECTION. Current longitude (-0.368) places site ~30km west near Lincoln. Sibsey PE22 east of meridian at 53.038, +0.017.",verify
skegness-x3027,53.1427,0.3231,shoulders.fists.stores,approximate,1,memorial_json,Postcodes.io — Skegness Lincolnshire PE25 at 53.143 +0.323,Holly (PAI),2026-04-05,,"CORRECTION. Longitude sign error: current -0.382 places site near Bardney. Skegness coast PE25 at 53.143, +0.323 (east of meridian).",verify
slieveanee-mountain-t9328,57.42,-3.02,fired.grace.conspired,approximate,1,memorial_json,Photon — Slieveanee Mountain area Moray Scotland at 57.42 -3.02,Holly (PAI),2026-04-05,,"CRITICAL ERROR. Current coords (53.071, -0.762) in Nottinghamshire ~500km south of Scotland. Slieveanee Mountain is in Moray at ~57.42, -3.02.",verify
slovenia-bomber-crew-memorial,46.15,14.99,scarcer.securing.vagueness,estimated,0,memorial_json,"Photon check: 46.15, 14.99 is ~70km east-northeast of Ljubljana — unverifiable",Holly (PAI),2026-04-05,,"NO CHANGE. Coords (46.15, 14.99) could not be verified against a specific memorial. Flagged for manual review — needs source document check.",none
somersham-x3811,52.3826,-0.0022,isolated.rebounder.limitless,approximate,1,memorial_json,Postcodes.io — Somersham Huntingdonshire PE28 (Cambs) at 52.383 -0.002,Holly (PAI),2026-04-05,,"CORRECTION. Current coords match Somersham Suffolk not Cambridgeshire. Correct Somersham is Huntingdonshire PE28 at 52.383, -0.002.",verify
south-cove-b-24-liberator-42-51,52.3684,1.6709,donation.deploying.shaver,approximate,1,memorial_json,Postcodes.io — South Cove Suffolk NR34 near Southwold at 52.368 1.671,Holly (PAI),2026-04-05,,"CORRECTION. Current coords (52.256, 1.069) ~50km southwest of South Cove. Village NR34 near Southwold at 52.368, 1.671.",verify
south-kyme-lk954,53.0304,-0.252,defend.covers.developed,approximate,1,memorial_json,Postcodes.io — South Kyme North Kesteven LN4 at 53.030 -0.252,Holly (PAI),2026-04-05,,"CORRECTION. Current coords (53.238, -0.394) ~23km north and ~10km west. South Kyme LN4 near Billinghay at 53.030, -0.252.",verify
southrepps-hampden-x-3023,52.8798,1.3493,hedgehog.gears.tops,approximate,1,memorial_json,Postcodes.io + Photon — Southrepps Norfolk NR11 at 52.880 1.349,Holly (PAI),2026-04-05,,"MINOR CORRECTION. Current coords (52.902, 1.331) ~2.5km north of Southrepps village. Updated to 52.880, 1.349.",verify
staunton-in-the-vale-wellington-w-4270,52.981,-0.8009,blackbird.sprain.sleep,approximate,1,memorial_json,"Postcodes.io: Staunton in the Vale NG13 at 52.984, -0.801 — matches current coords within 40m",Holly (PAI geocoding cross-check),2026-04-06,,Coordinates confirmed correct (no change). Three data corrections applied per Di Ablewhite / Staunton Lancaster Group CRM report: (1) aircraft_type corrected from Wellington to Lancaster I; (2) squadr,verify
stoke-holy-cross-blenheim-z-7304,52.5662,1.2959,downward.soups.rots,approximate,1,memorial_json,Postcodes.io — Stoke Holy Cross Norfolk NR14 south of Norwich at 52.566 1.296,Holly (PAI),2026-04-05,,"CORRECTION. Current coords (52.677, 0.952) ~13km north and ~38km west. Stoke Holy Cross NR14 at 52.566, 1.296.",verify
stoke-rochford-hall-lm719,52.8423,-0.638,snake.owned.unto,approximate,1,memorial_json,Postcodes.io — Stoke Rochford Hall NG33 near Grantham at 52.842 -0.638,Holly (PAI),2026-04-05,,"CORRECTION. Current coords (53.234, -0.447) ~44km north. Stoke Rochford Hall NG33 near Grantham at 52.842, -0.638.",verify
stow-bedon-blenheim-v-5851,52.5284,0.8815,procured.endings.margin,approximate,1,memorial_json,Postcodes.io — Stow Bedon Norfolk IP25 near Watton at 52.528 0.882,Holly (PAI),2026-04-05,,"CORRECTION. Current coords (52.642, 1.020) ~13km north and ~15km east. Stow Bedon Norfolk IP25 at 52.528, 0.882.",verify
sturton-by-stow-lancaster-r-5676,53.3148,-0.6647,verve.shadowing.fades,approximate,1,memorial_json,Postcodes.io — Sturton by Stow LN1 near Gainsborough at 53.315 -0.665,Holly (PAI),2026-04-05,,"CORRECTION. Current coords (53.124, -0.398) ~21km south and ~24km east. Sturton by Stow LN1 near Gainsborough at 53.315, -0.665.",verify
succoth-glen-b-29-superfortress-p,56.2224,-4.7324,vans.jumped.cyclones,confirmed,2,memorial_json,Photon OSM — Succoth Glen Argyll & Bute near Arrochar at 56.222 -4.732,Holly (PAI),2026-04-05,,"CRITICAL ERROR. Current coords (53.471, -1.312) in South Yorkshire ~320km south. Succoth Glen is near Arrochar Loch Long at 56.222, -4.732.",none
tattershall-1-w4175,53.104,-0.191,wanderers.expropriate.spiders,approximate,1,memorial_json,Postcodes.io — Tattershall Lincolnshire LN4 at 53.104 -0.191,Holly (PAI),2026-04-05,,"CORRECTION. Current coords (53.199, -0.305) ~11km north and ~11km west. Tattershall LN4 at 53.104, -0.191.",verify
tattershall-2-pb422,53.09,-0.215,gong.boldest.bonkers,approximate,1,memorial_json,Postcodes.io — Tattershall Lincolnshire LN4 area at 53.090 -0.215,Holly (PAI),2026-04-05,,"CORRECTION. Current coords latitude near-correct but longitude -0.435 is ~19km west. Tattershall area at 53.090, -0.215.",verify
thorpe-morieux-1-b-17-42-3108,52.1451,0.8365,abruptly.animates.plotted,approximate,1,memorial_json,Postcodes.io — Thorpe Morieux Suffolk IP30 near Bury St Edmunds at 52.145 0.837,Holly (PAI),2026-04-05,,"CORRECTION. Current coords (52.261, 1.231) ~13km north and ~44km east. Thorpe Morieux IP30 at 52.145, 0.837.",verify
thorpe-morieux-2-b-17-42-38085,52.1451,0.8365,abruptly.animates.plotted,approximate,1,memorial_json,Postcodes.io — Thorpe Morieux Suffolk IP30 at 52.145 0.837 (same village as site 1),Holly (PAI),2026-04-05,,"CORRECTION. Current coords (52.057, 1.175) ~10km south and ~38km east. Both Thorpe Morieux B-17 sites at same village: 52.145, 0.837.",verify
three-barrows-ln775,50.4476371,-3.8983431,envoy.bottled.grudge,confirmed,2,memorial_json,Photon OSM node 330102418 — Three Barrows Bronze Age barrows Dartmoor at 50.448 -3.898,Holly (PAI),2026-04-05,,"CORRECTION. Current coords (50.787, -3.441) ~38km north/east. Three Barrows is a Bronze Age barrow cluster on southern Dartmoor at 50.448, -3.898.",none
tigers-marsh-b-17-flying-fortress,50.732362318217824,-3.5545530965271244,scary.bonds.think,estimated,0,memorial_json,No OSM result for Tigers Marsh — current coords on Dartmoor are plausible,Holly (PAI),2026-04-05,,"NO CHANGE. Tigers Marsh location not in OSM. Current coords (50.732, -3.555) are plausible for Dartmoor. Flagged for manual verification.",none
timberlands-fen-jb534,53.1202777,-0.2727767,awaiting.elects.flopping,approximate,1,memorial_json,Photon OSM — Timberland Fen North Kesteven LN4 at 53.120 -0.273,Holly (PAI),2026-04-05,,"CORRECTION. Current coords (53.317, -0.386) ~22km north and ~12km west. Timberland Fen LN4 at 53.120, -0.273.",verify
tinian-north-field-memorial,15.0715,145.6369,flashes.symmetrical.mincing,approximate,1,memorial_json,Photon OSM — North Field Historic District Tinian CNMI at 15.072 145.637,Holly (PAI),2026-04-05,,"MINOR CORRECTION. Current coords (15.0, 145.63) rounded approximation ~800m south of North Field Historic District. Updated to 15.072, 145.637.",verify
tintwistle-knarr-pa411,53.4719227,-1.9732931,loitering.alas.pegged,approximate,1,memorial_json,Postcodes.io + Photon — Tintwistle SK13 near Glossop Peak District at 53.472 -1.973,Holly (PAI),2026-04-05,,"CORRECTION. Current coords (53.246, -1.640) ~25km south and ~east of Tintwistle. Village SK13 near Glossop at 53.472, -1.973.",verify
trenton-rcaf-memorial,44.1188,-77.5368,prosecution.diggers.annual,approximate,1,memorial_json,Photon — Trenton Ontario Canada at 44.119 -77.537,Holly (PAI),2026-04-05,,"MINOR CORRECTION. Current coords (44.1, -77.58) within Trenton district. Precision update to 44.119, -77.537.",verify
ulceby-1-jb670,53.233,0.1289,wanderers.expropriate.spiders,approximate,1,memorial_json,Postcodes.io — Ulceby East Lindsey LN13 near Alford at 53.233 +0.129,Holly (PAI),2026-04-05,,"CORRECTION. Current longitude (-0.176) wrong sign — places site west of meridian. Ulceby LN13 is east of meridian at 53.233, +0.129.",verify
ulceby-2-lm322,53.233,0.1289,wanderers.expropriate.spiders,approximate,1,memorial_json,Postcodes.io — Ulceby East Lindsey LN13 at 53.233 +0.129 (same village as Ulceby 1),Holly (PAI),2026-04-05,,"CORRECTION. Current coords (53.158, -0.340) ~9km south and longitude wrong sign. Ulceby LN13 at 53.233, +0.129.",verify
ulceby-cross-pb476,53.2393,0.1143,dispensed.bake.chats,approximate,1,memorial_json,Postcodes.io — Ulceby Cross LN13 area at 53.239 +0.114,Holly (PAI),2026-04-05,,"CORRECTION. Current coords (53.339, -0.430) ~11km north and longitude wrong sign. Ulceby Cross LN13 at 53.239, +0.114.",verify
upwaltham-dv382,50.9122,-0.6638,rewrites.lace.rocked,approximate,1,memorial_json,Postcodes.io — Upwaltham Sussex GU28 near Petworth at 50.912 -0.664,Holly (PAI),2026-04-05,,"CORRECTION. Current coords (50.920, -0.240) ~28km east. Upwaltham GU28 near Petworth at 50.912, -0.664.",verify
waithe-1-jb678,53.4871,-0.0654,novelists.action.outbid,approximate,1,memorial_json,Postcodes.io — Waithe NE Lincolnshire DN37 near Grimsby at 53.487 -0.065,Holly (PAI),2026-04-05,,"CORRECTION. Current coords (53.089, -0.165) ~44km south. Waithe DN37 near Grimsby at 53.487, -0.065.",verify
waithe-2-jb674,53.4871,-0.0654,novelists.action.outbid,approximate,1,memorial_json,Postcodes.io — Waithe NE Lincolnshire DN37 at 53.487 -0.065 (same village as Waithe 1),Holly (PAI),2026-04-05,,"CORRECTION. Current coords (53.267, -0.209) ~24km south. Waithe village DN37 at 53.487, -0.065.",verify
waithe-4-jb560,53.4871,-0.0654,novelists.action.outbid,approximate,1,memorial_json,Postcodes.io — Waithe NE Lincolnshire DN37 at 53.487 -0.065 (same village as Waithe 1+2),Holly (PAI),2026-04-05,,"CORRECTION. Current coords (53.231, -0.228) ~28km south/west. Waithe village DN37 at 53.487, -0.065.",verify
walton-on-the-naze-rg475,51.8484,1.2726,shimmered.spenders.super,approximate,1,memorial_json,Postcodes.io — Walton-on-the-Naze Essex CO14 at 51.848 +1.273,Holly (PAI),2026-04-05,,"CORRECTION. Current longitude (0.445) ~57km west of Walton-on-the-Naze. Coastal town CO14 at 51.848, +1.273.",verify
waun-rydd-wellington-details-v,51.8768,-3.3639,validated.garages.cabin,confirmed,2,memorial_json,Photon OSM — Waun Rydd mountain Brecon Beacons at 51.877 -3.364,Holly (PAI),2026-04-05,,"CRITICAL ERROR. Current coords (52.192, -1.302) in Warwickshire ~200km from Brecon Beacons. Waun Rydd is a Welsh mountain at 51.877, -3.364.",none
weasenham-st-peter-three-crashes-commemorated-fl206-boston-al285,52.76458607343168,0.7431604896527024,alerting.abstracts.marine,approximate,1,memorial_json,Postcodes.io — Weasenham St Peter Norfolk PE32 near Fakenham at 52.765 0.743,Holly (PAI),2026-04-05,,"CORRECTION. Current coords (52.720, 0.877) ~9km east of Weasenham St Peter. Village PE32 near Fakenham at 52.765, 0.743.",verify
wellington-he324-crash-site-he324,53.1190161159707,-1.8297357592239334,crypt.firelight.imported,approximate,1,memorial_json,Reverse geocode: 53.119 -1.830 is Alstonefield Staffordshire — plausible Peak/Pennines border,Holly (PAI),2026-04-05,,"NO CHANGE. Current coords (53.119, -1.830) verified as Alstonefield area Staffordshire — consistent with Peak/Pennines crash territory. County label misleading but coordinates retained.",verify
west-okement-valley-pb4y-1-liberator-639,50.702,-4.039,dreamer.refinished.semantically,approximate,1,memorial_json,Photon — West Okement River valley Dartmoor near Okehampton at 50.702 -4.039,Holly (PAI),2026-04-05,,"CORRECTION. Current coords (50.717, -3.380) ~50km east of Dartmoor. West Okement Valley near Okehampton at 50.702, -4.039.",verify
westborough-lm619,52.99422637593134,-0.7332240214240744,legroom.hurricane.shaky,approximate,1,memorial_json,Postcodes.io — Westborough NG23 near Newark-on-Trent at 52.994 -0.733,Holly (PAI),2026-04-05,,"CORRECTION. Current coords (53.327, -0.190) ~37km north. Westborough NG23 near Newark at 52.994, -0.733.",verify
withcall-hk194,53.3372789,-0.0732965,amaze.request.enveloped,approximate,1,memorial_json,Postcodes.io — Withcall LN11 near Louth Wolds at 53.337 -0.073,Holly (PAI),2026-04-05,,"CORRECTION. Current coords (53.197, -0.262) ~17km southwest. Withcall LN11 near Louth at 53.337, -0.073.",verify
wollaston-l7380,52.2545,-0.671,wanting.fights.unwound,approximate,1,memorial_json,Postcodes.io — Wollaston Northamptonshire NN29 near Wellingborough at 52.255 -0.671,Holly (PAI),2026-04-05,,"CORRECTION. Current coords (52.266, -0.807) ~9km west. Wollaston NN29 near Wellingborough at 52.255, -0.671.",verify
wrangle-b-24j-liberator-42-9,53.0378,0.1248,comet.tonsils.scream,approximate,1,memorial_json,Postcodes.io — Wrangle PE22 near Boston Wash area at 53.038 +0.125,Holly (PAI),2026-04-05,,"CORRECTION. Current coords (53.323, -0.438) ~34km north and longitude wrong sign. Wrangle PE22 near Boston Wash at 53.038, +0.125 (east of meridian).",verify
yelling-jb477,52.2488,-0.1589,jingles.steadier.factoring,approximate,1,memorial_json,Postcodes.io — Yelling Cambridgeshire PE19 near St Neots at 52.249 -0.159,Holly (PAI),2026-04-05,,"CORRECTION. Current coords (52.225, 0.241) ~25km east. Yelling PE19 near St Neots at 52.249, -0.159.",verify
