memorial_id,filename,caption,credit,source,rights_status,permission_obtained,date_taken,date_verified,notes
bassingham-fen-eh977,bassingham-fen-eh977/5d2196eed32ca_LI_Bassingham_Fen_1_547x410.JPG,5d2196eed32ca LI Bassingham Fen 1 547x410,Tony Hibberd / War Memorials Online,,unknown,,,,
bassingham-fen-eh977,bassingham-fen-eh977/5d2196f04685f_LI_Bassingham_Fen_3_547x410.JPG,5d2196f04685f LI Bassingham Fen 3 547x410,Tony Hibberd / War Memorials Online,,unknown,,,,
bassingham-fen-eh977,bassingham-fen-eh977/5d2196f1e21b6_LI_Bassingham_Fen_4_547x410.JPG,5d2196f1e21b6 LI Bassingham Fen 4 547x410,Tony Hibberd / War Memorials Online,,unknown,,,,
bicker-nd820,bicker-nd820/5d22645618588_LI_Bicker_3_547x410.JPG,5d22645618588 LI Bicker 3 547x410,Tony Hibberd / War Memorials Online,,unknown,,,,
bicker-nd820,bicker-nd820/5d226456e0ac6_LI_Bicker_4_547x410.JPG,5d226456e0ac6 LI Bicker 4 547x410,Tony Hibberd / War Memorials Online,,unknown,,,,
bicker-nd820,bicker-nd820/5d226457b3ef4_LI_Bicker_5_547x410.JPG,5d226457b3ef4 LI Bicker 5 547x410,Tony Hibberd / War Memorials Online,,unknown,,,,
bicker-nd820,bicker-nd820/5d2264584f053_LI_Bicker_6_547x410.JPG,5d2264584f053 LI Bicker 6 547x410,Tony Hibberd / War Memorials Online,,unknown,,,,
bicker-nd820,bicker-nd820/5c012853903a0_Bicker_Lancaster_547x410.jpg,5c012853903a0 Bicker Lancaster 547x410,Tony Hibberd / War Memorials Online,,unknown,,,,
bleasby-1-lancaster-r-5703,bleasby-1-lancaster-r-5703/61sqn-bellchambers-gallaway-combined-w800.png,61sqn bellchambers gallaway combined,Aircrew Remembered,,unknown,,,,
bleasby-1-lancaster-r-5703,bleasby-1-lancaster-r-5703/the-bleasby-aircrews-memorial-4-w800-w800.jpg,the bleasby aircrews memorial 4,Aircrew Remembered,,unknown,,,,
bleasby-1-lancaster-r-5703,bleasby-1-lancaster-r-5703/bleasby-aircrews-memorial-lancaster-r5703-1-w800-1-w800.jpg,bleasby aircrews memorial lancaster r5703 1 w800 1,Aircrew Remembered,,unknown,,,,
bleasby-2-lancaster-w-4232,bleasby-2-lancaster-w-4232/the-bleasby-aircrews-memorial-5-w800-w800.jpg,the bleasby aircrews memorial 5,Aircrew Remembered,,unknown,,,,
bleasby-2-lancaster-w-4232,bleasby-2-lancaster-w-4232/no-5-lancaster-finishing-school-lancaster-i-w4232-rc-y-w800-w800.jpg,no 5 lancaster finishing school lancaster i w4232 rc y,Aircrew Remembered,,unknown,,,,
bleasby-2-lancaster-w-4232,bleasby-2-lancaster-w-4232/lancaster-w4232-w800-w800.jpg,lancaster w4232,Aircrew Remembered,,unknown,,,,
bleasby-2-lancaster-w-4232,bleasby-2-lancaster-w-4232/hazelford-weir-house-and-likely-aircraft-crash-site-w800-w800.jpg,hazelford weir house and likely aircraft crash site,Aircrew Remembered,,unknown,,,,
bleasby-2-lancaster-w-4232,bleasby-2-lancaster-w-4232/google-maps-syerston-bleasby-morton-1-w800-w800.jpg,google maps syerston bleasby morton 1,Aircrew Remembered,,unknown,,,,
bleasby-2-lancaster-w-4232,bleasby-2-lancaster-w-4232/bleasby-os-map-1905-1-w800-w800.jpg,bleasby os map 1905 1,Aircrew Remembered,,unknown,,,,
bleasby-3-lancaster-r-5698,bleasby-3-lancaster-r-5698/654-heavy-conversion-unit-lancaster-i-r5698-ug-p-crew-w800.jpg,654 heavy conversion unit lancaster i r5698 ug p crew,Aircrew Remembered,,unknown,,,,
bleasby-3-lancaster-r-5698,bleasby-3-lancaster-r-5698/wig1-copy-w800-w800.jpg,wig1 copy,Aircrew Remembered,,unknown,,,,
bleasby-3-lancaster-r-5698,bleasby-3-lancaster-r-5698/1654-hcu-raf-wigsley-in-mid-1943-w800-w800.jpg,1654 hcu raf wigsley in mid 1943,Aircrew Remembered,,unknown,,,,
bleasby-3-lancaster-r-5698,bleasby-3-lancaster-r-5698/the-bleasby-aircrews-memorial-1-w800-w800.jpg,the bleasby aircrews memorial 1,Aircrew Remembered,,unknown,,,,
bleasby-3-lancaster-r-5698,bleasby-3-lancaster-r-5698/macdonald-2-copy-w800.jpg,macdonald 2 copy,Aircrew Remembered,,unknown,,,,
bleasby-3-lancaster-r-5698,bleasby-3-lancaster-r-5698/thorneysthelenjoblingmar-2016ed-copy1-1-w800.jpg,thorneysthelenjoblingmar 2016ed copy1 1,Aircrew Remembered,,unknown,,,,
bleasby-3-lancaster-r-5698,bleasby-3-lancaster-r-5698/e-n-jones-courtesy-mike-mcquaid-copy-w800.jpg,e n jones courtesy mike mcquaid copy,Aircrew Remembered,,unknown,,,,
bleasby-3-lancaster-r-5698,bleasby-3-lancaster-r-5698/g-h-tough-copy-w800.jpg,g h tough copy,Aircrew Remembered,,unknown,,,,
bleasby-3-lancaster-r-5698,bleasby-3-lancaster-r-5698/thorneysthelenrashbrookmar-2016ed-copy-w800.jpg,thorneysthelenrashbrookmar 2016ed copy,Aircrew Remembered,,unknown,,,,
bleasby-3-lancaster-r-5698,bleasby-3-lancaster-r-5698/liverpool-anfiels-cem-from-cwgc-copy-w800.jpg,liverpool anfiels cem from cwgc copy,Aircrew Remembered,,unknown,,,,
bleasby-4-jb132,bleasby-4-jb132/the-bleasby-aircrews-memorial-w800-w800.jpg,the bleasby aircrews memorial,Aircrew Remembered,,unknown,,,,
bleasby-4-jb132,bleasby-4-jb132/crew-of-lancaster-jb-132-late-august-1943-1-w800-w800.jpg,crew of lancaster jb 132 late august 1943 1,Aircrew Remembered,,unknown,,,,
bleasby-4-jb132,bleasby-4-jb132/61-squadron-lancaster-iii-jb132-w800-w800.jpg,61 squadron lancaster iii jb132,Aircrew Remembered,,unknown,,,,
bleasby-4-jb132,bleasby-4-jb132/61-squadron-lancaster-iii-jb132-1-w800-w800.jpg,61 squadron lancaster iii jb132 1,Aircrew Remembered,,unknown,,,,
bleasby-4-jb132,bleasby-4-jb132/no.-25-bombing-leader-course-1941aircrew-remembered-1-w760h570.jpg,no. 25 bombing leader course 1941aircrew remembered 1,Aircrew Remembered,,unknown,,,,
bleasby-4-jb132,bleasby-4-jb132/wellburn-dennis-crosby-grave-w800.jpg,wellburn dennis crosby grave,Aircrew Remembered,,unknown,,,,
bleasby-4-jb132,bleasby-4-jb132/sgt-jack-blackett-1092940-rafvr-age-20-1-w800-w800.jpg,sgt jack blackett 1092940 rafvr age 20 1,Aircrew Remembered,,unknown,,,,
bleasby-4-jb132,bleasby-4-jb132/sgt-alan-paterson-639330-raf-age-25-w800-w800.jpg,sgt alan paterson 639330 raf age 25,Aircrew Remembered,,unknown,,,,
bleasby-4-jb132,bleasby-4-jb132/google-maps-syerston-bleasby-morton-w800-w800.jpg,google maps syerston bleasby morton,Aircrew Remembered,,unknown,,,,
bleasby-4-jb132,bleasby-4-jb132/bleasby-os-map-1905-w800-w800.jpg,bleasby os map 1905,Aircrew Remembered,,unknown,,,,
bleasby-4-jb132,bleasby-4-jb132/alan-paterson-colleagues-training-copy-w800-w800-1-w800.jpg,alan paterson colleagues training copy w800 w800 1,Aircrew Remembered,,unknown,,,,
bleasby-4-jb132,bleasby-4-jb132/alan-paterson-training-colleagues-signatures-w800-w800-1-w800.jpg,alan paterson training colleagues signatures w800 w800 1,Aircrew Remembered,,unknown,,,,
bleasby-5-wellington-r-1014,bleasby-5-wellington-r-1014/the-bleasby-aircrews-memorial-2-w800-w800.jpg,the bleasby aircrews memorial 2,Aircrew Remembered,,unknown,,,,
bleasby-5-wellington-r-1014,bleasby-5-wellington-r-1014/304-squadron-wellington-ic-r1014-crew-1-w800-w800.jpg,304 squadron wellington ic r1014 crew 1,Aircrew Remembered,,unknown,,,,
bleasby-5-wellington-r-1014,bleasby-5-wellington-r-1014/sgt-stanisaw-tofin-782062-w800-w800.jpg,sgt stanisaw tofin 782062,Aircrew Remembered,,unknown,,,,
bleasby-5-wellington-r-1014,bleasby-5-wellington-r-1014/304-squadron-wellington-ic-r1014-crew-graves-w800-w800.jpg,304 squadron wellington ic r1014 crew graves,Aircrew Remembered,,unknown,,,,
bleasby-5-wellington-r-1014,bleasby-5-wellington-r-1014/bleasby-aircrews-memorial-wellingtons-r1014-and-r1212-1-w800-w800.jpg,bleasby aircrews memorial wellingtons r1014 and r1212 1,Aircrew Remembered,,unknown,,,,
bleasby-6-wellington-r-1212,bleasby-6-wellington-r-1212/bleasby-aircrews-memorial-june-2018-w800-w800.jpg,bleasby aircrews memorial june 2018,Aircrew Remembered,,unknown,,,,
bleasby-6-wellington-r-1212,bleasby-6-wellington-r-1212/004-bleasby-aircrews-memorial-1-5-2018-w800-1-w800.jpg,004 bleasby aircrews memorial 1 5 2018 w800 1,Aircrew Remembered,,unknown,,,,
bleasby-6-wellington-r-1212,bleasby-6-wellington-r-1212/bleasby-aircrews-memorial-wellingtons-r1014-and-r1212-w800-w800.jpg,bleasby aircrews memorial wellingtons r1014 and r1212,Aircrew Remembered,,unknown,,,,
bleasby-6-wellington-r-1212,bleasby-6-wellington-r-1212/017bleasby-aircrews-memorial-tailfin-inscription-w800-w800.jpg,017bleasby aircrews memorial tailfin inscription,Aircrew Remembered,,unknown,,,,
bleasby-6-wellington-r-1212,bleasby-6-wellington-r-1212/17-tailfin-section-with-two-plaques-viewed-from-rhs-3-w800-1-w800.jpg,17 tailfin section with two plaques viewed from rhs 3 w800 1,Aircrew Remembered,,unknown,,,,
bleasby-6-wellington-r-1212,bleasby-6-wellington-r-1212/bleasby-aircrews-memorial-lancaster-r5703-w800-w800.jpg,bleasby aircrews memorial lancaster r5703,Aircrew Remembered,,unknown,,,,
bleasby-6-wellington-r-1212,bleasby-6-wellington-r-1212/bleasby-aircrews-memorial-syerston-w4258-plaque-w800-w800.jpg,bleasby aircrews memorial syerston w4258 plaque,Aircrew Remembered,,unknown,,,,
bodicote-bk517,bodicote-bk517/23-operational-training-unit-wellington-iii-bk517-w800-w800.jpg,23 operational training unit wellington iii bk517,Aircrew Remembered,,unknown,,,,
bodicote-bk517,bodicote-bk517/wellingtonbomber-w800-w800.jpg,wellingtonbomber,Aircrew Remembered,,unknown,,,,
bodicote-bk517,bodicote-bk517/23-operational-training-unit-wellington-iii-bk517-memorial-w800-w800.jpg,23 operational training unit wellington iii bk517 memorial,Aircrew Remembered,,unknown,,,,
bodicote-bk517,bodicote-bk517/robert-jenkins-and-co-ltd-w800-w800.jpg,robert jenkins and co ltd,Aircrew Remembered,,unknown,,,,
bodicote-bk517,bodicote-bk517/006_17_547x410.JPG,006 17 547x410,P.Steele / War Memorials Online,,unknown,,,,
bodicote-bk517,bodicote-bk517/007__640x427__547x410.jpg,007  640x427  547x410,P.Steele / War Memorials Online,,unknown,,,,
bodicote-bk517,bodicote-bk517/009_12_547x410.JPG,009 12 547x410,P.Steele / War Memorials Online,,unknown,,,,
briston-wellington-w-5444,briston-wellington-w-5444/12-squadron-wellington-ii-w5444-ph-t-crew-w760.jpg,12 squadron wellington ii w5444 ph t crew,Aircrew Remembered,,unknown,,,,
briston-wellington-w-5444,briston-wellington-w-5444/12-squadron-wellington-ii-w5444-ph-t-crew-graves-w760.jpg,12 squadron wellington ii w5444 ph t crew graves,Aircrew Remembered,,unknown,,,,
brocklesby-me442,brocklesby-me442/44-squadron-lancasters-1-w640h480.jpg,44 squadron lancasters 1,Aircrew Remembered,,unknown,,,,
brocklesby-me442,brocklesby-me442/44-squadron-lancaster-iii-me442-km-v-tree-w800-w800.jpg,44 squadron lancaster iii me442 km v tree,Aircrew Remembered,,unknown,,,,
brocklesby-me442,brocklesby-me442/44-squadron-lancaster-iii-me442-km-v-memorial-plaque-w640h480.jpg,44 squadron lancaster iii me442 km v memorial plaque,Aircrew Remembered,,unknown,,,,
brocklesby-me442,brocklesby-me442/moseley-grammar-school-ww2-memorial-copy-w640h480-5-w640h480.jpg,moseley grammar school ww2 memorial copy w640h480 5,Aircrew Remembered,,unknown,,,,
california-gap-wellington-z-8397,california-gap-wellington-z-8397/12-squadron-wellington-ii-z8397-crew-w800-w800.jpg,12 squadron wellington ii z8397 crew,Aircrew Remembered,,unknown,,,,
california-gap-wellington-z-8397,california-gap-wellington-z-8397/12-squadron-wellington-ii-z839-california-sands-w800-w800.jpg,12 squadron wellington ii z839 california sands,Aircrew Remembered,,unknown,,,,
california-gap-wellington-z-8397,california-gap-wellington-z-8397/12-squadron-wellington-ii-z8397-memorial-plaque-w800-w800.jpg,12 squadron wellington ii z8397 memorial plaque,Aircrew Remembered,,unknown,,,,
california-gap-wellington-z-8397,california-gap-wellington-z-8397/californian-tavern-w800-w800.jpg,californian tavern,Aircrew Remembered,,unknown,,,,
california-gap-wellington-z-8397,california-gap-wellington-z-8397/flsgt-aldwyn-anthony-nordon-653750-raf-grave-w800-w800.jpg,flsgt aldwyn anthony nordon 653750 raf grave,Aircrew Remembered,,unknown,,,,
california-gap-wellington-z-8397,california-gap-wellington-z-8397/alfred-e-cosgrove-w800-1-w800.jpg,alfred e cosgrove w800 1,Aircrew Remembered,,unknown,,,,
carn-a-choire-mhoir-n1498,carn-a-choire-mhoir-n1498/5cd854ee0438b_IMG_6121_547x410.jpg,5cd854ee0438b IMG 6121 547x410,Alistair Macdonald / War Memorials Online,,unknown,,,,
caythorpe-heath-lj450,caythorpe-heath-lj450/Old_Machine_Pics_4979_547x410.jpg,Old Machine Pics 4979 547x410,MGF / War Memorials Online,,unknown,,,,
caythorpe-station-pb812,caythorpe-station-pb812/597f095c6dca2_RAAF_Lancaster_Memorial_-_Love_Lane__Caythorpe_547x410.jpg,597f095c6dca2 RAAF Lancaster Memorial   Love Lane  Caythorpe 547x410,Robert Greybrook / War Memorials Online,,unknown,,,,
chediston-dv930,chediston-dv930/11-operational-training-unit-wellington-ic-dc930-w800-w800.jpg,11 operational training unit wellington ic dc930,Aircrew Remembered,,unknown,,,,
chediston-dv930,chediston-dv930/11-operational-training-unit-wellington-ic-dv930-tx-d-crew-members-w800-w800.jpg,11 operational training unit wellington ic dv930 tx d crew members,Aircrew Remembered,,unknown,,,,
chediston-dv930,chediston-dv930/1-elementary-flying-training-school-rnzaf-taieri-1-w800.png,1 elementary flying training school rnzaf taieri 1,Aircrew Remembered,,unknown,,,,
chediston-dv930,chediston-dv930/11-operational-training-unit-wellington-ic-dv930-tx-d-memorial-w800-w800.jpg,11 operational training unit wellington ic dv930 tx d memorial,Aircrew Remembered,,unknown,,,,
chediston-dv930,chediston-dv930/nz415005-sgt-thomas-fraser-munro-w800.png,nz415005 sgt thomas fraser munro,Aircrew Remembered,,unknown,,,,
chipping-warden-1-lp286,chipping-warden-1-lp286/12-otu-wellington-lp286-crew-w760.jpg,12 otu wellington lp286 crew,Aircrew Remembered,,unknown,,,,
chipping-warden-1-lp286,chipping-warden-1-lp286/sgt.-patrick-mcgowan-1901671-rafvr-and-funeral-w760.jpg,sgt. patrick mcgowan 1901671 rafvr and funeral,Aircrew Remembered,,unknown,,,,
chipping-warden-1-lp286,chipping-warden-1-lp286/memorial-web-w760.jpg,memorial web,Aircrew Remembered,,unknown,,,,
chipping-warden-1-lp286,chipping-warden-1-lp286/sgt.-arthur-gordon-grant-grave-at-tottenham-w760.jpg,sgt. arthur gordon grant grave at tottenham,Aircrew Remembered,,unknown,,,,
chipping-warden-1-lp286,chipping-warden-1-lp286/5d33858e44c06_Chipping_Warden_1_547x410.JPG,5d33858e44c06 Chipping Warden 1 547x410,Tony Hibberd / War Memorials Online,,unknown,,,,
chipping-warden-1-lp286,chipping-warden-1-lp286/5d33858f3a31e_Chipping_Warden_2_547x410.JPG,5d33858f3a31e Chipping Warden 2 547x410,Tony Hibberd / War Memorials Online,,unknown,,,,
chipping-warden-1-lp286,chipping-warden-1-lp286/610d146f35bf3_7887E64F-F015-4712-805E-0202553DFD99_1_105_c_547x410.jpeg,610d146f35bf3 7887E64F F015 4712 805E 0202553DFD99 1 105 c 547x410,Tony Hibberd / War Memorials Online,,unknown,,,,
chipping-warden-1-lp286,chipping-warden-1-lp286/610d146f8a798_83BEFEB9-64E5-4DBA-98F8-E6240F7454AA_1_105_c_547x410.jpeg,610d146f8a798 83BEFEB9 64E5 4DBA 98F8 E6240F7454AA 1 105 c 547x410,Tony Hibberd / War Memorials Online,,unknown,,,,
chipping-warden-1-lp286,chipping-warden-1-lp286/610d146fecdbc_92D0B9EC-9113-4736-A65B-223DDD9CC2AA_1_105_c_547x410.jpeg,610d146fecdbc 92D0B9EC 9113 4736 A65B 223DDD9CC2AA 1 105 c 547x410,Tony Hibberd / War Memorials Online,,unknown,,,,
chipping-warden-1-lp286,chipping-warden-1-lp286/610d147055a46_DA710008-EE6E-4B47-9406-0130512B1730_1_105_c_547x410.jpeg,610d147055a46 DA710008 EE6E 4B47 9406 0130512B1730 1 105 c 547x410,Tony Hibberd / War Memorials Online,,unknown,,,,
clenchwarton-multi-crash-memorial-hr832-mosquito-dd717-blenheim-z-7278,clenchwarton-multi-crash-memorial-hr832-mosquito-dd717-blenheim-z-7278/405-squadron-halifax-ii-hr832-w640h480.jpg,405 squadron halifax ii hr832,Aircrew Remembered,,unknown,,,,
clenchwarton-multi-crash-memorial-hr832-mosquito-dd717-blenheim-z-7278,clenchwarton-multi-crash-memorial-hr832-mosquito-dd717-blenheim-z-7278/hr832-graves003aweb-w640h480.jpg,hr832 graves003aweb,Aircrew Remembered,,unknown,,,,
cloot-drove-nd981-and-lancaster-me625-mid-air-collision-,cloot-drove-nd981-and-lancaster-me625-mid-air-collision-/lancaster-mark-iiis-w800-w800.jpg,lancaster mark iiis,Aircrew Remembered,,unknown,,,,
cloot-drove-nd981-and-lancaster-me625-mid-air-collision-,cloot-drove-nd981-and-lancaster-me625-mid-air-collision-/crew-me625-w800-w800.jpg,crew me625,Aircrew Remembered,,unknown,,,,
cloot-drove-nd981-and-lancaster-me625-mid-air-collision-,cloot-drove-nd981-and-lancaster-me625-mid-air-collision-/me625-map-w800-w800.jpg,me625 map,Aircrew Remembered,,unknown,,,,
cloot-drove-nd981-and-lancaster-me625-mid-air-collision-,cloot-drove-nd981-and-lancaster-me625-mid-air-collision-/memorial-service-picture-me625-2-w800-w800.jpg,memorial service picture me625 2,Aircrew Remembered,,unknown,,,,
cloot-drove-nd981-and-lancaster-me625-mid-air-collision-,cloot-drove-nd981-and-lancaster-me625-mid-air-collision-/plaque-gathering-cloot-house-soft-w800-w800.jpg,plaque gathering cloot house soft,Aircrew Remembered,,unknown,,,,
cloot-drove-nd981-and-lancaster-me625-mid-air-collision-,cloot-drove-nd981-and-lancaster-me625-mid-air-collision-/the-plaque-w800-w800.jpg,the plaque,Aircrew Remembered,,unknown,,,,
cloot-drove-nd981-and-lancaster-me625-mid-air-collision-,cloot-drove-nd981-and-lancaster-me625-mid-air-collision-/maurice-durn-soft-w800-w800.jpg,maurice durn soft,Aircrew Remembered,,unknown,,,,
cloot-drove-nd981-and-lancaster-me625-mid-air-collision-,cloot-drove-nd981-and-lancaster-me625-mid-air-collision-/david-gethin-williams-soft-w800-w800.jpg,david gethin williams soft,Aircrew Remembered,,unknown,,,,
cloot-drove-nd981-and-lancaster-me625-mid-air-collision-,cloot-drove-nd981-and-lancaster-me625-mid-air-collision-/alfred-lambert-w800-w800.jpg,alfred lambert,Aircrew Remembered,,unknown,,,,
cloot-drove-nd981-and-lancaster-me625-mid-air-collision-,cloot-drove-nd981-and-lancaster-me625-mid-air-collision-/lambert-new-clip-w800-w800.jpg,lambert new clip,Aircrew Remembered,,unknown,,,,
cloot-drove-nd981-and-lancaster-me625-mid-air-collision-,cloot-drove-nd981-and-lancaster-me625-mid-air-collision-/arnold-news-clip-w800-w800.jpg,arnold news clip,Aircrew Remembered,,unknown,,,,
cloot-drove-nd981-and-lancaster-me625-mid-air-collision-,cloot-drove-nd981-and-lancaster-me625-mid-air-collision-/j-d-fletcher-soft-w800-w800.jpg,j d fletcher soft,Aircrew Remembered,,unknown,,,,
cloot-drove-nd981-and-lancaster-me625-mid-air-collision-,cloot-drove-nd981-and-lancaster-me625-mid-air-collision-/cambridge-city-cemetery-soft-w800-w800.jpg,cambridge city cemetery soft,Aircrew Remembered,,unknown,,,,
cloot-drove-nd981-and-lancaster-me625-mid-air-collision-,cloot-drove-nd981-and-lancaster-me625-mid-air-collision-/st-martholomews-marsden-2-w800.jpg,st martholomews marsden 2,Aircrew Remembered,,unknown,,,,
cloot-drove-nd981-and-lancaster-me625-mid-air-collision-,cloot-drove-nd981-and-lancaster-me625-mid-air-collision-/treorchy-cemetery-soft-w800-w800.jpg,treorchy cemetery soft,Aircrew Remembered,,unknown,,,,
cloot-drove-nd981-and-lancaster-me625-mid-air-collision-,cloot-drove-nd981-and-lancaster-me625-mid-air-collision-/perkins-crew-smaller-version-w800-w800.jpg,perkins crew smaller version,Aircrew Remembered,,unknown,,,,
cloot-drove-nd981-and-lancaster-me625-mid-air-collision-,cloot-drove-nd981-and-lancaster-me625-mid-air-collision-/e-l-j-perkins-w800-w800.jpg,e l j perkins,Aircrew Remembered,,unknown,,,,
cloot-drove-nd981-and-lancaster-me625-mid-air-collision-,cloot-drove-nd981-and-lancaster-me625-mid-air-collision-/lancaster-b-mark-iiis-of-619-sqn-3-w800-w800.jpg,lancaster b mark iiis of 619 sqn 3,Aircrew Remembered,,unknown,,,,
cloot-drove-nd981-and-lancaster-me625-mid-air-collision-,cloot-drove-nd981-and-lancaster-me625-mid-air-collision-/map-nd981-1-w800-w800.jpg,map nd981 1,Aircrew Remembered,,unknown,,,,
cloot-drove-nd981-and-lancaster-me625-mid-air-collision-,cloot-drove-nd981-and-lancaster-me625-mid-air-collision-/perkins-funeral-w800-w800.jpg,perkins funeral,Aircrew Remembered,,unknown,,,,
cloot-drove-nd981-and-lancaster-me625-mid-air-collision-,cloot-drove-nd981-and-lancaster-me625-mid-air-collision-/memorial-service-picture-me625-3-w800-w800.jpg,memorial service picture me625 3,Aircrew Remembered,,unknown,,,,
cloot-drove-nd981-and-lancaster-me625-mid-air-collision-,cloot-drove-nd981-and-lancaster-me625-mid-air-collision-/plaque-gathering-cloot-house-soft-1-w800-w800.jpg,plaque gathering cloot house soft 1,Aircrew Remembered,,unknown,,,,
cloot-drove-nd981-and-lancaster-me625-mid-air-collision-,cloot-drove-nd981-and-lancaster-me625-mid-air-collision-/the-plaque-1-w800-w800.jpg,the plaque 1,Aircrew Remembered,,unknown,,,,
cloot-drove-nd981-and-lancaster-me625-mid-air-collision-,cloot-drove-nd981-and-lancaster-me625-mid-air-collision-/edward-perkins-and-his-moter-w800-w800.jpg,edward perkins and his moter,Aircrew Remembered,,unknown,,,,
cloot-drove-nd981-and-lancaster-me625-mid-air-collision-,cloot-drove-nd981-and-lancaster-me625-mid-air-collision-/frank-ernest-coxhead-b-w800-w800.jpg,frank ernest coxhead b,Aircrew Remembered,,unknown,,,,
cloot-drove-nd981-and-lancaster-me625-mid-air-collision-,cloot-drove-nd981-and-lancaster-me625-mid-air-collision-/coxhead-1st-left-2nd-row-from-front-w800-w800.png,coxhead 1st left 2nd row from front,Aircrew Remembered,,unknown,,,,
cloot-drove-nd981-and-lancaster-me625-mid-air-collision-,cloot-drove-nd981-and-lancaster-me625-mid-air-collision-/frank-ernest-coxhead-d-1-w800-1-w800.jpg,frank ernest coxhead d 1 w800 1,Aircrew Remembered,,unknown,,,,
cloot-drove-nd981-and-lancaster-me625-mid-air-collision-,cloot-drove-nd981-and-lancaster-me625-mid-air-collision-/frank-ernest-coxhead-e-w800-w800.jpg,frank ernest coxhead e,Aircrew Remembered,,unknown,,,,
cloot-drove-nd981-and-lancaster-me625-mid-air-collision-,cloot-drove-nd981-and-lancaster-me625-mid-air-collision-/5bab311a31d08_DSCF0718_547x410.JPG,5bab311a31d08 DSCF0718 547x410,Charles J Anderson / War Memorials Online,,unknown,,,,
cloot-drove-nd981-and-lancaster-me625-mid-air-collision-,cloot-drove-nd981-and-lancaster-me625-mid-air-collision-/5bab311aa7276_DSCF0721_547x410.JPG,5bab311aa7276 DSCF0721 547x410,Charles J Anderson / War Memorials Online,,unknown,,,,
cloot-drove-nd981-and-lancaster-me625-mid-air-collision-,cloot-drove-nd981-and-lancaster-me625-mid-air-collision-/5bab311b0c40a_DSCF0724_547x410.JPG,5bab311b0c40a DSCF0724 547x410,Charles J Anderson / War Memorials Online,,unknown,,,,
cloot-drove-nd981-and-lancaster-me625-mid-air-collision-,cloot-drove-nd981-and-lancaster-me625-mid-air-collision-/5bab311b617d4_DSCF0726_547x410.JPG,5bab311b617d4 DSCF0726 547x410,Charles J Anderson / War Memorials Online,,unknown,,,,
cotgrave-place-wellington-w-5365,cotgrave-place-wellington-w-5365/5d34780d1536d_Cotgrave_1_547x410.JPG,5d34780d1536d Cotgrave 1 547x410,Tony Hibberd / War Memorials Online,,unknown,,,,
cotgrave-place-wellington-w-5365,cotgrave-place-wellington-w-5365/5d34780e2003b_Cotgrave_3_547x410.JPG,5d34780e2003b Cotgrave 3 547x410,Tony Hibberd / War Memorials Online,,unknown,,,,
cotgrave-place-wellington-w-5365,cotgrave-place-wellington-w-5365/5d34780eed8a9_Cotgrave_4_547x410.JPG,5d34780eed8a9 Cotgrave 4 547x410,Tony Hibberd / War Memorials Online,,unknown,,,,
coveney-double-lancaster-crash-ll667-and-lancaster-ll867,coveney-double-lancaster-crash-ll667-and-lancaster-ll867/5d1528b76e439_Coveney_1_547x410.JPG,5d1528b76e439 Coveney 1 547x410,Tony Hibberd / War Memorials Online,,unknown,,,,
coveney-double-lancaster-crash-ll667-and-lancaster-ll867,coveney-double-lancaster-crash-ll667-and-lancaster-ll867/5d1528b8d23b9_Coveney_3_547x410.JPG,5d1528b8d23b9 Coveney 3 547x410,Tony Hibberd / War Memorials Online,,unknown,,,,
craiglockhart-view-edinburgh-area-x3707,craiglockhart-view-edinburgh-area-x3707/thomas-lennox-french-w640h480.jpg,thomas lennox french,Aircrew Remembered,,unknown,,,,
craiglockhart-view-edinburgh-area-x3707,craiglockhart-view-edinburgh-area-x3707/telecommunications-research-establishment-wellington-iii-x3707-newspaper-report-1-w640h480.jpg,telecommunications research establishment wellington iii x3707 newspaper report 1,Aircrew Remembered,,unknown,,,,
craiglockhart-view-edinburgh-area-x3707,craiglockhart-view-edinburgh-area-x3707/telecommunications-research-establishment-wellington-iii-x3707-newspaper-photo-w640h480.jpg,telecommunications research establishment wellington iii x3707 newspaper photo,Aircrew Remembered,,unknown,,,,
craiglockhart-view-edinburgh-area-x3707,craiglockhart-view-edinburgh-area-x3707/flsgt.-john-robert-harper-1115653-r.a.f.v.r-w640h480.jpg,flsgt. john robert harper 1115653 r.a.f.v.r,Aircrew Remembered,,unknown,,,,
craiglockhart-view-edinburgh-area-x3707,craiglockhart-view-edinburgh-area-x3707/wellington-iii-x3707-1-w640h480.jpg,wellington iii x3707 1,Aircrew Remembered,,unknown,,,,
craiglockhart-view-edinburgh-area-x3707,craiglockhart-view-edinburgh-area-x3707/5b156a16785cc_P1000628_547x410.jpg,5b156a16785cc P1000628 547x410,David Parmee (WMT RV) / War Memorials Online,,unknown,,,,
craiglockhart-view-edinburgh-area-x3707,craiglockhart-view-edinburgh-area-x3707/5b156a17c58b2_P1000626_547x410.jpg,5b156a17c58b2 P1000626 547x410,David Parmee (WMT RV) / War Memorials Online,,unknown,,,,
craiglockhart-view-edinburgh-area-x3707,craiglockhart-view-edinburgh-area-x3707/5b156a1902a6e_P1000627_547x410.jpg,5b156a1902a6e P1000627 547x410,David Parmee (WMT RV) / War Memorials Online,,unknown,,,,
craiglockhart-view-edinburgh-area-x3707,craiglockhart-view-edinburgh-area-x3707/6123ca69bc1c0_IMG_0958_050647_547x410.jpg,6123ca69bc1c0 IMG 0958 050647 547x410,David Parmee (WMT RV) / War Memorials Online,,unknown,,,,
craiglockhart-view-edinburgh-area-x3707,craiglockhart-view-edinburgh-area-x3707/6123ca6a8f84a_IMG_0960_050724_547x410.jpg,6123ca6a8f84a IMG 0960 050724 547x410,David Parmee (WMT RV) / War Memorials Online,,unknown,,,,
crowland-mid-air-collision-me265-lancaster-nd981,crowland-mid-air-collision-me265-lancaster-nd981/perkins-crew-smaller-version-w800-w800.jpg,perkins crew smaller version,Aircrew Remembered,,unknown,,,,
crowland-mid-air-collision-me265-lancaster-nd981,crowland-mid-air-collision-me265-lancaster-nd981/e-l-j-perkins-w800-w800.jpg,e l j perkins,Aircrew Remembered,,unknown,,,,
crowland-mid-air-collision-me265-lancaster-nd981,crowland-mid-air-collision-me265-lancaster-nd981/lancaster-b-mark-iiis-of-619-sqn-3-w800-w800.jpg,lancaster b mark iiis of 619 sqn 3,Aircrew Remembered,,unknown,,,,
crowland-mid-air-collision-me265-lancaster-nd981,crowland-mid-air-collision-me265-lancaster-nd981/map-nd981-1-w800-w800.jpg,map nd981 1,Aircrew Remembered,,unknown,,,,
crowland-mid-air-collision-me265-lancaster-nd981,crowland-mid-air-collision-me265-lancaster-nd981/perkins-funeral-w800-w800.jpg,perkins funeral,Aircrew Remembered,,unknown,,,,
crowland-mid-air-collision-me265-lancaster-nd981,crowland-mid-air-collision-me265-lancaster-nd981/memorial-service-picture-me625-3-w800-w800.jpg,memorial service picture me625 3,Aircrew Remembered,,unknown,,,,
crowland-mid-air-collision-me265-lancaster-nd981,crowland-mid-air-collision-me265-lancaster-nd981/plaque-gathering-cloot-house-soft-1-w800-w800.jpg,plaque gathering cloot house soft 1,Aircrew Remembered,,unknown,,,,
crowland-mid-air-collision-me265-lancaster-nd981,crowland-mid-air-collision-me265-lancaster-nd981/the-plaque-1-w800-w800.jpg,the plaque 1,Aircrew Remembered,,unknown,,,,
crowland-mid-air-collision-me265-lancaster-nd981,crowland-mid-air-collision-me265-lancaster-nd981/edward-perkins-and-his-moter-w800-w800.jpg,edward perkins and his moter,Aircrew Remembered,,unknown,,,,
crowland-mid-air-collision-me265-lancaster-nd981,crowland-mid-air-collision-me265-lancaster-nd981/frank-ernest-coxhead-b-w800-w800.jpg,frank ernest coxhead b,Aircrew Remembered,,unknown,,,,
crowland-mid-air-collision-me265-lancaster-nd981,crowland-mid-air-collision-me265-lancaster-nd981/coxhead-1st-left-2nd-row-from-front-w800-w800.png,coxhead 1st left 2nd row from front,Aircrew Remembered,,unknown,,,,
crowland-mid-air-collision-me265-lancaster-nd981,crowland-mid-air-collision-me265-lancaster-nd981/frank-ernest-coxhead-d-1-w800-1-w800.jpg,frank ernest coxhead d 1 w800 1,Aircrew Remembered,,unknown,,,,
crowland-mid-air-collision-me265-lancaster-nd981,crowland-mid-air-collision-me265-lancaster-nd981/frank-ernest-coxhead-e-w800-w800.jpg,frank ernest coxhead e,Aircrew Remembered,,unknown,,,,
crowland-mid-air-collision-me265-lancaster-nd981,crowland-mid-air-collision-me265-lancaster-nd981/lancaster-mark-iiis-w800-w800.jpg,lancaster mark iiis,Aircrew Remembered,,unknown,,,,
crowland-mid-air-collision-me265-lancaster-nd981,crowland-mid-air-collision-me265-lancaster-nd981/crew-me625-w800-w800.jpg,crew me625,Aircrew Remembered,,unknown,,,,
crowland-mid-air-collision-me265-lancaster-nd981,crowland-mid-air-collision-me265-lancaster-nd981/me625-map-w800-w800.jpg,me625 map,Aircrew Remembered,,unknown,,,,
crowland-mid-air-collision-me265-lancaster-nd981,crowland-mid-air-collision-me265-lancaster-nd981/memorial-service-picture-me625-2-w800-w800.jpg,memorial service picture me625 2,Aircrew Remembered,,unknown,,,,
crowland-mid-air-collision-me265-lancaster-nd981,crowland-mid-air-collision-me265-lancaster-nd981/plaque-gathering-cloot-house-soft-w800-w800.jpg,plaque gathering cloot house soft,Aircrew Remembered,,unknown,,,,
crowland-mid-air-collision-me265-lancaster-nd981,crowland-mid-air-collision-me265-lancaster-nd981/the-plaque-w800-w800.jpg,the plaque,Aircrew Remembered,,unknown,,,,
crowland-mid-air-collision-me265-lancaster-nd981,crowland-mid-air-collision-me265-lancaster-nd981/maurice-durn-soft-w800-w800.jpg,maurice durn soft,Aircrew Remembered,,unknown,,,,
crowland-mid-air-collision-me265-lancaster-nd981,crowland-mid-air-collision-me265-lancaster-nd981/david-gethin-williams-soft-w800-w800.jpg,david gethin williams soft,Aircrew Remembered,,unknown,,,,
crowland-mid-air-collision-me265-lancaster-nd981,crowland-mid-air-collision-me265-lancaster-nd981/alfred-lambert-w800-w800.jpg,alfred lambert,Aircrew Remembered,,unknown,,,,
crowland-mid-air-collision-me265-lancaster-nd981,crowland-mid-air-collision-me265-lancaster-nd981/lambert-new-clip-w800-w800.jpg,lambert new clip,Aircrew Remembered,,unknown,,,,
crowland-mid-air-collision-me265-lancaster-nd981,crowland-mid-air-collision-me265-lancaster-nd981/arnold-news-clip-w800-w800.jpg,arnold news clip,Aircrew Remembered,,unknown,,,,
crowland-mid-air-collision-me265-lancaster-nd981,crowland-mid-air-collision-me265-lancaster-nd981/j-d-fletcher-soft-w800-w800.jpg,j d fletcher soft,Aircrew Remembered,,unknown,,,,
crowland-mid-air-collision-me265-lancaster-nd981,crowland-mid-air-collision-me265-lancaster-nd981/cambridge-city-cemetery-soft-w800-w800.jpg,cambridge city cemetery soft,Aircrew Remembered,,unknown,,,,
crowland-mid-air-collision-me265-lancaster-nd981,crowland-mid-air-collision-me265-lancaster-nd981/st-martholomews-marsden-2-w800.jpg,st martholomews marsden 2,Aircrew Remembered,,unknown,,,,
crowland-mid-air-collision-me265-lancaster-nd981,crowland-mid-air-collision-me265-lancaster-nd981/treorchy-cemetery-soft-w800-w800.jpg,treorchy cemetery soft,Aircrew Remembered,,unknown,,,,
desborough-an534,desborough-an534/5d33786d05040_Stoke_Albany_1_547x410.JPG,5d33786d05040 Stoke Albany 1 547x410,Tony Hibberd / War Memorials Online,,unknown,,,,
desborough-an534,desborough-an534/5d33786e8de83_Stoke_Albany_2_547x410.JPG,5d33786e8de83 Stoke Albany 2 547x410,Tony Hibberd / War Memorials Online,,unknown,,,,
desborough-an534,desborough-an534/5d33786fd58a6_Stoke_Albany_3_547x410.JPG,5d33786fd58a6 Stoke Albany 3 547x410,Tony Hibberd / War Memorials Online,,unknown,,,,
desborough-an534,desborough-an534/5d33787121bde_Stoke_Albany_4_547x410.JPG,5d33787121bde Stoke Albany 4 547x410,Tony Hibberd / War Memorials Online,,unknown,,,,
desborough-an534,desborough-an534/5d33787259c67_Stoke_Albany_5_547x410.JPG,5d33787259c67 Stoke Albany 5 547x410,Tony Hibberd / War Memorials Online,,unknown,,,,
desborough-an534,desborough-an534/62659885c8465_P1070485_547x410.JPG,62659885c8465 P1070485 547x410,Tony Hibberd / War Memorials Online,,unknown,,,,
dunbeath-short-sunderland-mk-,dunbeath-short-sunderland-mk-/short-sunderlandlll-w800-w800.jpg,short sunderlandlll,Aircrew Remembered,,unknown,,,,
dunbeath-short-sunderland-mk-,dunbeath-short-sunderland-mk-/eagles-rock-crash-site-1-w800-w800.jpg,eagles rock crash site 1,Aircrew Remembered,,unknown,,,,
dunbeath-short-sunderland-mk-,dunbeath-short-sunderland-mk-/sunderland-w4206-228-squadro-w800.png,sunderland w4206 228 squadro,Aircrew Remembered,,unknown,,,,
dunbeath-short-sunderland-mk-,dunbeath-short-sunderland-mk-/eagles-rock-memorial-sunderland-w4026-w800-w800.jpg,eagles rock memorial sunderland w4026,Aircrew Remembered,,unknown,,,,
east-moor-near-sutton-on-the-forest-general-memorial-to-,east-moor-near-sutton-on-the-forest-general-memorial-to-/SUTTON_ON_THE_FOREST__YORKSHIRE__NORTH__0001__22-09-2013__547x410.JPG,SUTTON ON THE FOREST  YORKSHIRE  NORTH  0001  22 09 2013  547x410,David Larkin / War Memorials Online,,unknown,,,,
east-moor-near-sutton-on-the-forest-general-memorial-to-,east-moor-near-sutton-on-the-forest-general-memorial-to-/631207e5463d2_5F582C0F-A727-4A8B-BD28-0DCF2522B1DD_547x410.jpeg,631207e5463d2 5F582C0F A727 4A8B BD28 0DCF2522B1DD 547x410,David Larkin / War Memorials Online,,unknown,,,,
east-moor-near-sutton-on-the-forest-general-memorial-to-,east-moor-near-sutton-on-the-forest-general-memorial-to-/631208448f5f4_481291EF-70B5-41D3-A6FC-48F889693D7B_547x410.jpeg,631208448f5f4 481291EF 70B5 41D3 A6FC 48F889693D7B 547x410,David Larkin / War Memorials Online,,unknown,,,,
east-moor-near-sutton-on-the-forest-general-memorial-to-,east-moor-near-sutton-on-the-forest-general-memorial-to-/631208a39333f_1B362307-1BC4-4D81-B38D-9B576A876A3F_547x410.jpeg,631208a39333f 1B362307 1BC4 4D81 B38D 9B576A876A3F 547x410,David Larkin / War Memorials Online,,unknown,,,,
east-moor-near-sutton-on-the-forest-general-memorial-to-,east-moor-near-sutton-on-the-forest-general-memorial-to-/6312090be10c1_21A2A75D-5501-40B2-A86B-F4DC70EAE791_547x410.jpeg,6312090be10c1 21A2A75D 5501 40B2 A86B F4DC70EAE791 547x410,David Larkin / War Memorials Online,,unknown,,,,
elsham-wolds-jd386,elsham-wolds-black-swan-memorial.jpg,"The Black Swan Memorial at RAF Elsham Wolds, showing crew names of Pilot Officer Sigurdson and crew",Stuart Altoft,Direct submission,site_owner,yes,2026,2026-04-06,
elsham-wolds-jd386,elsham-wolds/1666-heavy-conversion-unit-halifax-ii-jd386-1-w900h480.jpg,Halifax II JD386 of 1666 Heavy Conversion Unit,,Aircrew Remembered,needs_verification,,,2026-04-06,
elsham-wolds-jd386,elsham-wolds/harrogate-cemetery-stonefall-3-w800.jpg,Harrogate (Stonefall) Cemetery where all seven crew are buried,,Aircrew Remembered,needs_verification,,,2026-04-06,
elsham-wolds-jd386,elsham-wolds/po.-johann-sigurdson-and-grave-w800.jpg,P/O Johann Sigurdson and his grave at Harrogate Cemetery,,Aircrew Remembered,needs_verification,,,2026-04-06,
farnsfield-halifax-mz519,farnsfield/image0.jpeg,Farnsfield Halifax MZ519 memorial,Keith Binley,Direct submission,site_owner,yes,,2026-04-06,
farnsfield-halifax-mz519,farnsfield/image1.jpeg,Memorial plaque detail,Keith Binley,Direct submission,site_owner,yes,,2026-04-06,
farnsfield-halifax-mz519,farnsfield/image2.jpeg,Memorial site at Riddings Farm,Keith Binley,Direct submission,site_owner,yes,,2026-04-06,
farnsfield-halifax-mz519,farnsfield/image3.jpeg,The memorial cross,Keith Binley,Direct submission,site_owner,yes,,2026-04-06,
farnsfield-halifax-mz519,farnsfield/image4.jpeg,Crew names on the memorial,Keith Binley,Direct submission,site_owner,yes,,2026-04-06,
farnsfield-halifax-mz519,farnsfield/image5.jpeg,View of the memorial location,Keith Binley,Direct submission,site_owner,yes,,2026-04-06,
farnsfield-halifax-mz519,farnsfield/image6.jpeg,Wider view of the memorial site,Keith Binley,Direct submission,site_owner,yes,,2026-04-06,
farnsfield-halifax-mz519,farnsfield-aircrew/578-squadron-halifax-iii-mz519-lk-u-w800-w800.jpg,Halifax III MZ519 LK-U of 578 Squadron,,Aircrew Remembered,needs_verification,,,2026-04-06,
farnsfield-halifax-mz519,farnsfield-aircrew/578-squadron-halifax-iii-mz519-lk-u-memorial-area-w800-w800.jpg,The memorial area at Farnsfield,,Aircrew Remembered,needs_verification,,,2026-04-06,
farnsfield-halifax-mz519,farnsfield-halifax-mz519/578-squadron-halifax-iii-mz519-lk-u-memorial-w800-w800.jpg,The Farnsfield memorial to the crew of MZ519,,Aircrew Remembered,needs_verification,,,2026-04-06,
farnsfield-halifax-mz519,farnsfield-halifax-mz519/IMG_9746_0_547x410.JPG,Farnsfield memorial from a distance,,War Memorials Online,needs_verification,,,2026-04-06,
farnsfield-halifax-mz519,farnsfield-halifax-mz519/IMG_9749_547x410.JPG,Close view of the memorial cross,,War Memorials Online,needs_verification,,,2026-04-06,
farnsfield-halifax-mz519,farnsfield-halifax-mz519/IMG_9756_547x410.JPG,Memorial plaque with crew names,,War Memorials Online,needs_verification,,,2026-04-06,
farnsfield-halifax-mz519,farnsfield-halifax-mz519/IMG_9757_547x410.JPG,Detail of the memorial inscription,,War Memorials Online,needs_verification,,,2026-04-06,
farnsfield-halifax-mz519,farnsfield-halifax-mz519/IMG_9758_547x410.JPG,The memorial in its setting,,War Memorials Online,needs_verification,,,2026-04-06,
farnsfield-halifax-mz519,farnsfield-halifax-mz519/IMG_9760_547x410.JPG,View across the memorial site,,War Memorials Online,needs_verification,,,2026-04-06,
felixstowe-docks-hampden-p-1340,felixstowe-docks-hampden-p-1340/44-squadron-hampden-i-p1340-w800-w800.jpg,44 squadron hampden i p1340,Aircrew Remembered,,unknown,,,,
felixstowe-docks-hampden-p-1340,felixstowe-docks-hampden-p-1340/44-squadron-hampden-i-p1340-memorial-w800-w800.jpg,44 squadron hampden i p1340 memorial,Aircrew Remembered,,unknown,,,,
godmanchester-n3703,godmanchester-n3703/sqldr.-matthew-drummond-henderson-wilson-70885-raf-and-crew-w760h570.jpg,sqldr. matthew drummond henderson wilson 70885 raf and crew,Aircrew Remembered,,unknown,,,,
godmanchester-n3703,godmanchester-n3703/15-squadron-stirling-i-n3703-ls-q-gould-and-southey-w760h570.jpg,15 squadron stirling i n3703 ls q gould and southey,Aircrew Remembered,,unknown,,,,
godmanchester-n3703,godmanchester-n3703/15-squadron-stirling-i-n3703-ls-q-w760h570.jpg,15 squadron stirling i n3703 ls q,Aircrew Remembered,,unknown,,,,
godmanchester-n3703,godmanchester-n3703/15-squadron-stirling-i-n3703-ls-q-close-up-w760h570.jpg,15 squadron stirling i n3703 ls q close up,Aircrew Remembered,,unknown,,,,
godmanchester-n3703,godmanchester-n3703/sir-percy-cox-british-high-commissioner-kinahan-cornwallis-tahsin-qadri-the-kings-adc-king-faisal-sir-aylmer-haldane-british-commanding-officer-w760h570.jpg,sir percy cox british high commissioner kinahan cornwallis tahsin qadri the kings adc king faisal si,Aircrew Remembered,,unknown,,,,
gonalston-lancaster-l7578,gonalston-lancaster-l7578/5-lfs-lancaster-i-l7578-rc-l-w800-w800.jpg,5 lfs lancaster i l7578 rc l,Aircrew Remembered,,unknown,,,,
gonalston-lancaster-l7578,gonalston-lancaster-l7578/5-lfs-lancaster-i-l7578-rc-l-crewa-w800-w800.jpg,5 lfs lancaster i l7578 rc l crewa,Aircrew Remembered,,unknown,,,,
gonalston-lancaster-l7578,gonalston-lancaster-l7578/5-lfs-lancaster-i-l7578-rc-l-crewb-1-w800-w800.jpg,5 lfs lancaster i l7578 rc l crewb 1,Aircrew Remembered,,unknown,,,,
gonalston-lancaster-l7578,gonalston-lancaster-l7578/sgt-james-graham-middlemas-1822037-rafvr-w800-w800.jpg,sgt james graham middlemas 1822037 rafvr,Aircrew Remembered,,unknown,,,,
gonalston-lancaster-l7578,gonalston-lancaster-l7578/61-air-gunners-course-w800-w800.jpg,61 air gunners course,Aircrew Remembered,,unknown,,,,
gonalston-lancaster-l7578,gonalston-lancaster-l7578/5-lfs-lancaster-i-l7578-rc-l-1-w800-w800.jpg,5 lfs lancaster i l7578 rc l 1,Aircrew Remembered,,unknown,,,,
gonalston-lancaster-l7578,gonalston-lancaster-l7578/5-lfs-lancaster-i-l7578-rc-l-memorial-untidy-state-1-w800-w800.jpg,5 lfs lancaster i l7578 rc l memorial untidy state 1,Aircrew Remembered,,unknown,,,,
gonalston-lancaster-l7578,gonalston-lancaster-l7578/5-lfs-lancaster-i-l7578-rc-l-crew-graves-markers-1944-w800-w800.jpg,5 lfs lancaster i l7578 rc l crew graves markers 1944,Aircrew Remembered,,unknown,,,,
gonalston-lancaster-l7578,gonalston-lancaster-l7578/5-lfs-lancaster-i-l7578-rc-l-crew-graves-2015-w800-w800.jpg,5 lfs lancaster i l7578 rc l crew graves 2015,Aircrew Remembered,,unknown,,,,
gonalston-lancaster-l7578,gonalston-lancaster-l7578/betty-sheldon-visiting-crashsite-with-landowner-w800-w800.jpg,betty sheldon visiting crashsite with landowner,Aircrew Remembered,,unknown,,,,
great-ashfield-385th-bomb-group,great-ashfield-385th-bomb-group/interpretation-panel-riverside.jpg,"385th Bomb Group interpretation panel on the riverside, Great Ashfield",Mary Blanche,Direct submission,site_owner,yes,2026,2026-04-06,pending_processing
great-carrs-ll505-s-for-sugar-,great-carrs-ll505-s-for-sugar-/Great_Carrs_547x410.jpg,Great Carrs 547x410,Yorkshire Aircraft (see the link for full details) / War Memorials Online,,unknown,,,,
great-carrs-ll505-s-for-sugar-,great-carrs-ll505-s-for-sugar-/Great_Carrs_Engine_at_John_Ruskin__Coniston_547x410.JPG,Great Carrs Engine at John Ruskin  Coniston 547x410,Yorkshire Aircraft (see the link for full details) / War Memorials Online,,unknown,,,,
great-gransden-hayley-wood-jb219,great-gransden-hayley-wood-jb219/97-squadron-lancaster-biii-jb219-of-r-w800-w800.jpg,97 squadron lancaster biii jb219 of r,Aircrew Remembered,,unknown,,,,
grimston-hill-wellington-ms471,grimston-hill-wellington-ms471/old-barn-southwark-art-collection-website-w760.jpg,old barn southwark art collection website,Aircrew Remembered,,unknown,,,,
grimston-hill-wellington-ms471,grimston-hill-wellington-ms471/po.-herbert-ibbott-j24024-rcaf-w760.jpg,po. herbert ibbott j24024 rcaf,Aircrew Remembered,,unknown,,,,
grimston-hill-wellington-ms471,grimston-hill-wellington-ms471/82-otu-wellington-x-ms471-graves-w800-w800.jpg,82 otu wellington x ms471 graves,Aircrew Remembered,,unknown,,,,
halifax-area-dk192,halifax-area-dk192/1663-heavy-conversion-unit-halifax-v-dk192-memorial-w760.jpg,1663 heavy conversion unit halifax v dk192 memorial,Aircrew Remembered,,unknown,,,,
halifax-area-dk192,halifax-area-dk192/59fa292bdec47_DSCF7686_547x410.JPG,59fa292bdec47 DSCF7686 547x410,John E Scurr / War Memorials Online,,unknown,,,,
halifax-area-dk192,halifax-area-dk192/59fa2969427c1_DSCF7690_547x410.JPG,59fa2969427c1 DSCF7690 547x410,John E Scurr / War Memorials Online,,unknown,,,,
hameldown-x3054,hameldown-x3054/P8078629a_547x410.jpg,P8078629a 547x410,John G Francis / War Memorials Online,,unknown,,,,
hameldown-x3054,hameldown-x3054/P8078633a_547x410.jpg,P8078633a 547x410,John G Francis / War Memorials Online,,unknown,,,,
hameldown-x3054,hameldown-x3054/P8078631a_547x410.jpg,P8078631a 547x410,John G Francis / War Memorials Online,,unknown,,,,
hempnall-dz587,hempnall-dz587/105-squadron-mosquito-dz587-gb-b-crew-1-w800-w800.jpg,105 squadron mosquito dz587 gb b crew 1,Aircrew Remembered,,unknown,,,,
hempnall-dz587,hempnall-dz587/105-squadron-mosquito-dz587-gb-b-w800-w800.jpg,105 squadron mosquito dz587 gb b,Aircrew Remembered,,unknown,,,,
hempnall-dz587,hempnall-dz587/john-ellis-memorial-w800-w800.jpg,john ellis memorial,Aircrew Remembered,,unknown,,,,
hempnall-dz587,hempnall-dz587/queen-mary-aircraft-recovery-truck-w760.jpg,queen mary aircraft recovery truck,Aircrew Remembered,,unknown,,,,
hempnall-dz587,hempnall-dz587/standard-fordson-tractor-w760.jpg,standard fordson tractor,Aircrew Remembered,,unknown,,,,
hempnall-dz587,hempnall-dz587/mangold-w760.jpg,mangold,Aircrew Remembered,,unknown,,,,
hempnall-dz587,hempnall-dz587/105-squadron-mosquito-dz587-gb-b-crew-graves-w760.jpg,105 squadron mosquito dz587 gb b crew graves,Aircrew Remembered,,unknown,,,,
high-ercall-area-various-mosquito-wel,high-ercall-area-various-mosquito-wel/60-operational-training-unit-mosquito-ii-hj650-w800-w800.jpg,60 operational training unit mosquito ii hj650,Aircrew Remembered,,unknown,,,,
high-ercall-area-various-mosquito-wel,high-ercall-area-various-mosquito-wel/60-otu-pilots-course-33-and-34-w800-w800.jpg,60 otu pilots course 33 and 34,Aircrew Remembered,,unknown,,,,
high-ercall-area-various-mosquito-wel,high-ercall-area-various-mosquito-wel/60-otu-navigators-3334-course-w800-w800.jpg,60 otu navigators 3334 course,Aircrew Remembered,,unknown,,,,
high-ercall-area-various-mosquito-wel,high-ercall-area-various-mosquito-wel/60-operational-training-unit-mosquito-ii-hj650-crew-graves-w800-w800.jpg,60 operational training unit mosquito ii hj650 crew graves,Aircrew Remembered,,unknown,,,,
holmpton-avro-manchester-l-75,holmpton-avro-manchester-l-75/207sqn-westbury-howe-walker-combined-w800.jpg,207sqn westbury howe walker combined,Aircrew Remembered,,unknown,,,,
holmpton-avro-manchester-l-75,holmpton-avro-manchester-l-75/207sqn-eric-r-harper-w800.jpg,207sqn eric r harper,Aircrew Remembered,,unknown,,,,
holmpton-avro-manchester-l-75,holmpton-avro-manchester-l-75/avro-manchester-w800-w800.jpg,avro manchester,Aircrew Remembered,,unknown,,,,
holmpton-avro-manchester-l-75,holmpton-avro-manchester-l-75/207sqn-l7523-senior-archivist-humberside-cc-3-w800.jpg,207sqn l7523 senior archivist humberside cc 3,Aircrew Remembered,,unknown,,,,
holmpton-avro-manchester-l-75,holmpton-avro-manchester-l-75/wellington-ic-t2972-kx-g-w800-w800.jpg,wellington ic t2972 kx g,Aircrew Remembered,,unknown,,,,
houghton-st-martin-pb351,houghton-st-martin-pb351/460-squadron-lancaster-iii-pb351ar-h2-w760.jpg,460 squadron lancaster iii pb351ar h2,Aircrew Remembered,,unknown,,,,
houghton-st-martin-pb351,houghton-st-martin-pb351/lancaster-pb351-crew-graves-at-cambridge-w760.jpg,lancaster pb351 crew graves at cambridge,Aircrew Remembered,,unknown,,,,
houghton-st-martin-pb351,houghton-st-martin-pb351/460-squadron-lancaster-iii-pb351-ar-h2-memorial-w800-w800.jpg,460 squadron lancaster iii pb351 ar h2 memorial,Aircrew Remembered,,unknown,,,,
hoveringham-1-jb125,hoveringham-1-jb125/5-lancaster-finishing-school-lancaster-iii-jb125-w800.jpg,5 lancaster finishing school lancaster iii jb125,Aircrew Remembered,,unknown,,,,
hoveringham-1-jb125,hoveringham-1-jb125/lancaster-iii-jb125-nz-crew-members-w800.jpeg,lancaster iii jb125 nz crew members,Aircrew Remembered,,unknown,,,,
hoveringham-1-jb125,hoveringham-1-jb125/lancaster-jb125-memorial-w800.jpg,lancaster jb125 memorial,Aircrew Remembered,,unknown,,,,
hoveringham-1-jb125,hoveringham-1-jb125/lancaster-jb125-memorial-crowd-w800.jpg,lancaster jb125 memorial crowd,Aircrew Remembered,,unknown,,,,
hoveringham-2-lm308,hoveringham-2-lm308/5-lancaster-finishing-school-lancaster-iii-lm308-w800.jpg,5 lancaster finishing school lancaster iii lm308,Aircrew Remembered,,unknown,,,,
hoveringham-2-lm308,hoveringham-2-lm308/sgt-joseph-francis-fitzgibbon-newspaper-w800-w800.jpg,sgt joseph francis fitzgibbon newspaper,Aircrew Remembered,,unknown,,,,
hull-bridge-1-jb874,hull-bridge-1-jb874/geograph-4843505-by-Ian-S_547x410.jpg,geograph 4843505 by Ian S 547x410,Ian S (geograph) licensed for reuse under the Creative Commons License / War Memorials Online,,CC_licensed,yes,,2026-04-06,
hull-bridge-1-jb874,hull-bridge-1-jb874/Hull_Bridge_Mem_547x410.JPG,Hull Bridge Mem 547x410,Ian S (geograph) licensed for reuse under the Creative Commons License / War Memorials Online,,CC_licensed,yes,,2026-04-06,
hull-bridge-1-jb874,hull-bridge-1-jb874/DSC02325-001_547x410.JPG,DSC02325 001 547x410,Ian S (geograph) licensed for reuse under the Creative Commons License / War Memorials Online,,CC_licensed,yes,,2026-04-06,
kessingland-b-24-liberator-41-28,kessingland-b-24-liberator-41-28/geograph-4425734-by-Adrian-S-Pye_547x410.jpg,geograph 4425734 by Adrian S Pye 547x410,Adrian S Pye (geograph) licensed for reuse under the Creative Commons License / War Memorials Online,,CC_licensed,yes,,2026-04-06,
kessingland-b-24-liberator-41-28,kessingland-b-24-liberator-41-28/5a467ea6eb793_20171123_130510_547x410.jpg,5a467ea6eb793 20171123 130510 547x410,Adrian S Pye (geograph) licensed for reuse under the Creative Commons License / War Memorials Online,,CC_licensed,yes,,2026-04-06,
kessingland-b-24-liberator-41-28,kessingland-b-24-liberator-41-28/5f4511dda7ed1_Kessingland_-_USAAF.1_547x410.JPG,5f4511dda7ed1 Kessingland   USAAF.1 547x410,Adrian S Pye (geograph) licensed for reuse under the Creative Commons License / War Memorials Online,,CC_licensed,yes,,2026-04-06,
kessingland-b-24-liberator-41-28,kessingland-b-24-liberator-41-28/5f4511ddf0441_Kessingland_-_USAAF.2_547x410.JPG,5f4511ddf0441 Kessingland   USAAF.2 547x410,Adrian S Pye (geograph) licensed for reuse under the Creative Commons License / War Memorials Online,,CC_licensed,yes,,2026-04-06,
kessingland-b-24-liberator-41-28,kessingland-b-24-liberator-41-28/5fc64a3119c59_20201001_170218_547x410.jpg,5fc64a3119c59 20201001 170218 547x410,Adrian S Pye (geograph) licensed for reuse under the Creative Commons License / War Memorials Online,,CC_licensed,yes,,2026-04-06,
kirkley-lowestoft-ll356,kirkley-lowestoft-ll356/138-squadron-halifax-v-ll356-nf-u-crew-1-w760.jpg,138 squadron halifax v ll356 nf u crew 1,Aircrew Remembered,,unknown,,,,
kirkley-lowestoft-ll356,kirkley-lowestoft-ll356/138-squadron-halifax-v-ll356-nf-u-w760.jpg,138 squadron halifax v ll356 nf u,Aircrew Remembered,,unknown,,,,
kirkley-lowestoft-ll356,kirkley-lowestoft-ll356/dedication-ceremony-in-kensington-gardens-lowestoft-uk-may-2002-bench-w760.jpg,dedication ceremony in kensington gardens lowestoft uk may 2002 bench,Aircrew Remembered,,unknown,,,,
kirkley-lowestoft-ll356,kirkley-lowestoft-ll356/dedication-ceremony-in-kensington-gardens-lowestoft-uk-may-2002-w760.jpg,dedication ceremony in kensington gardens lowestoft uk may 2002,Aircrew Remembered,,unknown,,,,
kirkley-lowestoft-ll356,kirkley-lowestoft-ll356/shrine-of-remembrance-melbourne-atvara-special-duties-squadrons-memorial-plaque-w760.jpg,shrine of remembrance melbourne atvara special duties squadrons memorial plaque,Aircrew Remembered,,unknown,,,,
kirkley-lowestoft-ll356,kirkley-lowestoft-ll356/large-shrine-forecourt-w760.jpg,large shrine forecourt,Aircrew Remembered,,unknown,,,,
kirkley-lowestoft-ll356,kirkley-lowestoft-ll356/jill-wilson-w760.jpg,jill wilson,Aircrew Remembered,,unknown,,,,
kirkley-lowestoft-ll356,kirkley-lowestoft-ll356/atvaras-first-melbourne-shrine-of-remembrance-wreath-laying-ceremony-14th-july-2012-w760.jpg,atvaras first melbourne shrine of remembrance wreath laying ceremony 14th july 2012,Aircrew Remembered,,unknown,,,,
kirkley-lowestoft-ll356,kirkley-lowestoft-ll356/melbourne-shrine-of-remembrance--w760.jpg,melbourne shrine of remembrance,Aircrew Remembered,,unknown,,,,
kirkley-lowestoft-ll356,kirkley-lowestoft-ll356/the-runnymede-memorial-from-the-inside-4-w760.jpg,the runnymede memorial from the inside 4,Aircrew Remembered,,unknown,,,,
kirkley-lowestoft-ll356,kirkley-lowestoft-ll356/138-squadron-halifax-v-ll356-nf-u-crew-bench-novemver-2014-1-w760.jpg,138 squadron halifax v ll356 nf u crew bench novemver 2014 1,Aircrew Remembered,,unknown,,,,
laughterton-1-eh940,laughterton-1-eh940/5e143980d4e59_Laughterton_547x410.jpg,5e143980d4e59 Laughterton 547x410,Charles J Anderson / War Memorials Online,,unknown,,,,
laughterton-1-eh940,laughterton-1-eh940/5e14398164c78_Laughterton_a_547x410.jpg,5e14398164c78 Laughterton a 547x410,Charles J Anderson / War Memorials Online,,unknown,,,,
laughterton-1-eh940,laughterton-1-eh940/5e143981aa686_Laughterton_b_547x410.jpg,5e143981aa686 Laughterton b 547x410,Charles J Anderson / War Memorials Online,,unknown,,,,
laughterton-1-eh940,laughterton-1-eh940/5d225d94b29fa_LI_Laughterton_1_547x410.JPG,5d225d94b29fa LI Laughterton 1 547x410,Charles J Anderson / War Memorials Online,,unknown,,,,
laughterton-1-eh940,laughterton-1-eh940/5d225d962e792_LI_Laughterton_2_547x410.JPG,5d225d962e792 LI Laughterton 2 547x410,Charles J Anderson / War Memorials Online,,unknown,,,,
laughterton-1-eh940,laughterton-1-eh940/5d225d9706875_LI_Laughterton_3_547x410.JPG,5d225d9706875 LI Laughterton 3 547x410,Charles J Anderson / War Memorials Online,,unknown,,,,
laughterton-1-eh940,laughterton-1-eh940/5d225d97d35a7_LI_Laughterton_4_547x410.JPG,5d225d97d35a7 LI Laughterton 4 547x410,Charles J Anderson / War Memorials Online,,unknown,,,,
laughterton-2-lm292,laughterton-2-lm292/5e143980d4e59_Laughterton_547x410.jpg,5e143980d4e59 Laughterton 547x410,Charles J Anderson / War Memorials Online,,unknown,,,,
laughterton-2-lm292,laughterton-2-lm292/5e14398164c78_Laughterton_a_547x410.jpg,5e14398164c78 Laughterton a 547x410,Charles J Anderson / War Memorials Online,,unknown,,,,
laughterton-2-lm292,laughterton-2-lm292/5e143981aa686_Laughterton_b_547x410.jpg,5e143981aa686 Laughterton b 547x410,Charles J Anderson / War Memorials Online,,unknown,,,,
laughterton-2-lm292,laughterton-2-lm292/5d225d94b29fa_LI_Laughterton_1_547x410.JPG,5d225d94b29fa LI Laughterton 1 547x410,Charles J Anderson / War Memorials Online,,unknown,,,,
laughterton-2-lm292,laughterton-2-lm292/5d225d962e792_LI_Laughterton_2_547x410.JPG,5d225d962e792 LI Laughterton 2 547x410,Charles J Anderson / War Memorials Online,,unknown,,,,
laughterton-2-lm292,laughterton-2-lm292/5d225d9706875_LI_Laughterton_3_547x410.JPG,5d225d9706875 LI Laughterton 3 547x410,Charles J Anderson / War Memorials Online,,unknown,,,,
laughterton-2-lm292,laughterton-2-lm292/5d225d97d35a7_LI_Laughterton_4_547x410.JPG,5d225d97d35a7 LI Laughterton 4 547x410,Charles J Anderson / War Memorials Online,,unknown,,,,
laxton-lp841,laxton-lp841/5d3548091f97e_NZ_Laxton_1_547x410.JPG,5d3548091f97e NZ Laxton 1 547x410,Tony Hibberd / War Memorials Online,,unknown,,,,
leicester-pa269,leicester-pa269/5da496c15c3e3_Capture_547x410.JPG,5da496c15c3e3 Capture 547x410,Market Rasen Mail / War Memorials Online,,unknown,,,,
leicester-pa269,leicester-pa269/5da497be3fe6d_Capture_3_547x410.JPG,5da497be3fe6d Capture 3 547x410,Market Rasen Mail / War Memorials Online,,unknown,,,,
leicester-pa269,leicester-pa269/5da49836c5a06_Capture_4_547x410.JPG,5da49836c5a06 Capture 4 547x410,Market Rasen Mail / War Memorials Online,,unknown,,,,
leicester-pa269,leicester-pa269/5da4939829970_300_Sqdn_PAF-Faldingworth_2_547x410.jpg,5da4939829970 300 Sqdn PAF Faldingworth 2 547x410,Market Rasen Mail / War Memorials Online,,unknown,,,,
leicester-pa269,leicester-pa269/5da4974a3511e_300_Sqdn_PAF-Faldingworth_1_547x410.jpg,5da4974a3511e 300 Sqdn PAF Faldingworth 1 547x410,Market Rasen Mail / War Memorials Online,,unknown,,,,
leicester-pa269,leicester-pa269/5da4994f98b86_300_Sqdn_PAF-Faldingworth_3_547x410.jpg,5da4994f98b86 300 Sqdn PAF Faldingworth 3 547x410,Market Rasen Mail / War Memorials Online,,unknown,,,,
leicester-pa269,leicester-pa269/5da49f9e83712_Service_1_547x410.JPG,5da49f9e83712 Service 1 547x410,Market Rasen Mail / War Memorials Online,,unknown,,,,
leicester-pa269,leicester-pa269/5da49f9ec1366_Service_2_547x410.JPG,5da49f9ec1366 Service 2 547x410,Market Rasen Mail / War Memorials Online,,unknown,,,,
leicester-pa269,leicester-pa269/5da49f9f0db6f_Service_3_547x410.JPG,5da49f9f0db6f Service 3 547x410,Market Rasen Mail / War Memorials Online,,unknown,,,,
leicester-pa269,leicester-pa269/5da49f9f4e052_Service_4_547x410.JPG,5da49f9f4e052 Service 4 547x410,Market Rasen Mail / War Memorials Online,,unknown,,,,
leicester-pa269,leicester-pa269/5da49f9f8df67_Service_5_547x410.JPG,5da49f9f8df67 Service 5 547x410,Market Rasen Mail / War Memorials Online,,unknown,,,,
leicester-pa269,leicester-pa269/5da4b75aeda76_Service_6_547x410.JPG,5da4b75aeda76 Service 6 547x410,Market Rasen Mail / War Memorials Online,,unknown,,,,
leicester-pa269,leicester-pa269/5da4b75b3a0ad_Service_7_547x410.JPG,5da4b75b3a0ad Service 7 547x410,Market Rasen Mail / War Memorials Online,,unknown,,,,
leicester-pa269,leicester-pa269/5da4b982e4170_September_2007_547x410.jpg,5da4b982e4170 September 2007 547x410,Market Rasen Mail / War Memorials Online,,unknown,,,,
leicester-pa269,leicester-pa269/5da4d93567d9e_DSCF0043_547x410.JPG,5da4d93567d9e DSCF0043 547x410,Market Rasen Mail / War Memorials Online,,unknown,,,,
leicester-pa269,leicester-pa269/5da4d9364a379_DSCF0044_547x410.JPG,5da4d9364a379 DSCF0044 547x410,Market Rasen Mail / War Memorials Online,,unknown,,,,
leicester-pa269,leicester-pa269/5da4d9373c008_DSCF0045_547x410.JPG,5da4d9373c008 DSCF0045 547x410,Market Rasen Mail / War Memorials Online,,unknown,,,,
leicester-pa269,leicester-pa269/5da4d93805de5_DSCF0046_547x410.JPG,5da4d93805de5 DSCF0046 547x410,Market Rasen Mail / War Memorials Online,,unknown,,,,
leicester-pa269,leicester-pa269/5da4d938e128b_DSCF0047_547x410.JPG,5da4d938e128b DSCF0047 547x410,Market Rasen Mail / War Memorials Online,,unknown,,,,
leicester-pa269,leicester-pa269/5da4dd9c8ea63_DSCF0061_547x410.JPG,5da4dd9c8ea63 DSCF0061 547x410,Market Rasen Mail / War Memorials Online,,unknown,,,,
leicester-pa269,leicester-pa269/5da4dd9d68095_DSCF0062_547x410.JPG,5da4dd9d68095 DSCF0062 547x410,Market Rasen Mail / War Memorials Online,,unknown,,,,
leicester-pa269,leicester-pa269/5da4dd9e4160c_DSCF0069_547x410.JPG,5da4dd9e4160c DSCF0069 547x410,Market Rasen Mail / War Memorials Online,,unknown,,,,
leicester-pa269,leicester-pa269/5da4dd9f0a729_DSCF0071_547x410.JPG,5da4dd9f0a729 DSCF0071 547x410,Market Rasen Mail / War Memorials Online,,unknown,,,,
leicester-pa269,leicester-pa269/5da4dd9fcb873_DSCF0074_547x410.JPG,5da4dd9fcb873 DSCF0074 547x410,Market Rasen Mail / War Memorials Online,,unknown,,,,
leicester-pa269,leicester-pa269/5da4de4dd8133_DSCF0070_547x410.JPG,5da4de4dd8133 DSCF0070 547x410,Market Rasen Mail / War Memorials Online,,unknown,,,,
leicester-pa269,leicester-pa269/5da4de4e98aec_DSCF0066_547x410.JPG,5da4de4e98aec DSCF0066 547x410,Market Rasen Mail / War Memorials Online,,unknown,,,,
leicester-pa269,leicester-pa269/5da4e00a61c7f_DSCF0019_547x410.JPG,5da4e00a61c7f DSCF0019 547x410,Market Rasen Mail / War Memorials Online,,unknown,,,,
leicester-pa269,leicester-pa269/5da59f11bca88_DSCF3382_547x410.JPG,5da59f11bca88 DSCF3382 547x410,Market Rasen Mail / War Memorials Online,,unknown,,,,
leicester-pa269,leicester-pa269/5da59f131ecd7_DSCF3377_547x410.JPG,5da59f131ecd7 DSCF3377 547x410,Market Rasen Mail / War Memorials Online,,unknown,,,,
leicester-pa269,leicester-pa269/5da59f1483b74_DSCF3378_547x410.JPG,5da59f1483b74 DSCF3378 547x410,Market Rasen Mail / War Memorials Online,,unknown,,,,
leicester-pa269,leicester-pa269/5da59f15e653d_DSCF3379_547x410.JPG,5da59f15e653d DSCF3379 547x410,Market Rasen Mail / War Memorials Online,,unknown,,,,
leicester-pa269,leicester-pa269/5da59f181212b_DSCF3380_547x410.JPG,5da59f181212b DSCF3380 547x410,Market Rasen Mail / War Memorials Online,,unknown,,,,
leicester-pa269,leicester-pa269/5da4dabcc54f3_DSCF0048_547x410.JPG,5da4dabcc54f3 DSCF0048 547x410,Market Rasen Mail / War Memorials Online,,unknown,,,,
leicester-pa269,leicester-pa269/5da4dabd95853_DSCF0049_547x410.JPG,5da4dabd95853 DSCF0049 547x410,Market Rasen Mail / War Memorials Online,,unknown,,,,
leicester-pa269,leicester-pa269/5da4dabe720c4_DSCF0050_547x410.JPG,5da4dabe720c4 DSCF0050 547x410,Market Rasen Mail / War Memorials Online,,unknown,,,,
leicester-pa269,leicester-pa269/5da4dabf439e5_DSCF0051_547x410.JPG,5da4dabf439e5 DSCF0051 547x410,Market Rasen Mail / War Memorials Online,,unknown,,,,
leicester-pa269,leicester-pa269/5da4dac00feaa_DSCF0052_547x410.JPG,5da4dac00feaa DSCF0052 547x410,Market Rasen Mail / War Memorials Online,,unknown,,,,
little-atwick-hx351,little-atwick-hx351/5b201920ccfba_DSC03204_547x410.JPG,5b201920ccfba DSC03204 547x410,nobody aka Ian S / War Memorials Online,,unknown,,,,
little-atwick-hx351,little-atwick-hx351/5b2019214be60_DSC03205_547x410.JPG,5b2019214be60 DSC03205 547x410,nobody aka Ian S / War Memorials Online,,unknown,,,,
little-atwick-hx351,little-atwick-hx351/5b2019219b6a5_DSC03208_547x410.JPG,5b2019219b6a5 DSC03208 547x410,nobody aka Ian S / War Memorials Online,,unknown,,,,
little-atwick-hx351,little-atwick-hx351/5b201921ece8e_DSC03219_547x410.JPG,5b201921ece8e DSC03219 547x410,nobody aka Ian S / War Memorials Online,,unknown,,,,
little-atwick-hx351,little-atwick-hx351/5b2019224903f_DSC03220_547x410.JPG,5b2019224903f DSC03220 547x410,nobody aka Ian S / War Memorials Online,,unknown,,,,
little-atwick-hx351,little-atwick-hx351/5b2019655a552_DSC03222_547x410.JPG,5b2019655a552 DSC03222 547x410,nobody aka Ian S / War Memorials Online,,unknown,,,,
little-atwick-hx351,little-atwick-hx351/5b2019659fc25_DSC03224_547x410.JPG,5b2019659fc25 DSC03224 547x410,nobody aka Ian S / War Memorials Online,,unknown,,,,
little-atwick-hx351,little-atwick-hx351/5b201965ee1ee_DSC03226_547x410.JPG,5b201965ee1ee DSC03226 547x410,nobody aka Ian S / War Memorials Online,,unknown,,,,
little-atwick-hx351,little-atwick-hx351/5b20196672a5e_DSC03228_547x410.JPG,5b20196672a5e DSC03228 547x410,nobody aka Ian S / War Memorials Online,,unknown,,,,
little-atwick-hx351,little-atwick-hx351/5b201966d9a02_DSC03230_547x410.JPG,5b201966d9a02 DSC03230 547x410,nobody aka Ian S / War Memorials Online,,unknown,,,,
little-atwick-hx351,little-atwick-hx351/5b201990dc9ed_DSC03235_547x410.JPG,5b201990dc9ed DSC03235 547x410,nobody aka Ian S / War Memorials Online,,unknown,,,,
little-atwick-hx351,little-atwick-hx351/5b201991375f6_DSC03237_547x410.JPG,5b201991375f6 DSC03237 547x410,nobody aka Ian S / War Memorials Online,,unknown,,,,
little-atwick-hx351,little-atwick-hx351/69750280c2ed5_IMG_8321_547x410.JPG,69750280c2ed5 IMG 8321 547x410,nobody aka Ian S / War Memorials Online,,unknown,,,,
long-bennington-lm311,long-bennington-lm311/467-squadron-lancaster-iii-lm311-po-l-w800.png,467 squadron lancaster iii lm311 po l,Aircrew Remembered,,unknown,,,,
long-bennington-lm311,long-bennington-lm311/lancaster-iii-lm311-llizbeth-w800.jpg,lancaster iii lm311 llizbeth,Aircrew Remembered,,unknown,,,,
long-bennington-lm311,long-bennington-lm311/lancaster-iii-lm311-crew-w800.jpg,lancaster iii lm311 crew,Aircrew Remembered,,unknown,,,,
long-bennington-lm311,long-bennington-lm311/467-squadron-lancaster-iii-lm311-memorial-w800.jpeg,467 squadron lancaster iii lm311 memorial,Aircrew Remembered,,unknown,,,,
manea-lk789,manea-lk789/76-squadron-halifax-iii-lk789-mp-l-crew-w760.jpg,76 squadron halifax iii lk789 mp l crew,Aircrew Remembered,,unknown,,,,
manea-lk789,manea-lk789/telegram-harrison-w760.jpg,telegram harrison,Aircrew Remembered,,unknown,,,,
manea-lk789,manea-lk789/unseen-and-deadly-w760.jpg,unseen and deadly,Aircrew Remembered,,unknown,,,,
manea-lk789,manea-lk789/log-book-1-w760.jpg,log book 1,Aircrew Remembered,,unknown,,,,
manea-lk789,manea-lk789/diary-dibbins-w760.jpg,diary dibbins,Aircrew Remembered,,unknown,,,,
manea-lk789,manea-lk789/church-window-w760.jpg,church window,Aircrew Remembered,,unknown,,,,
marchington-wellington-mk-x,marchington-wellington-mk-x/28-otu-wellington-2-w800-w800.jpg,28 otu wellington 2,Aircrew Remembered,,unknown,,,,
marchington-wellington-mk-x,marchington-wellington-mk-x/28-otu-wellington-x-lp397-crew-graves2-w800-w800.jpg,28 otu wellington x lp397 crew graves2,Aircrew Remembered,,unknown,,,,
marchington-wellington-mk-x,marchington-wellington-mk-x/28-otu-wellington-x-lp397-crew-gravesb2-w800-w800.jpg,28 otu wellington x lp397 crew gravesb2,Aircrew Remembered,,unknown,,,,
marchington-wellington-mk-x,marchington-wellington-mk-x/28-otu-wellington-lp397-mayfield-heritage-group2-1-w800-w800.jpg,28 otu wellington lp397 mayfield heritage group2 1,Aircrew Remembered,,unknown,,,,
melton-mowbray-ln281,melton-mowbray-ln281/wellington-ln281-crew-w760.jpg,wellington ln281 crew,Aircrew Remembered,,unknown,,,,
melton-mowbray-ln281,melton-mowbray-ln281/14-otu-wellington-x-ln281-w760.jpg,14 otu wellington x ln281,Aircrew Remembered,,unknown,,,,
melton-mowbray-ln281,melton-mowbray-ln281/14-otu-wellington-memorial-ln281-w760.jpg,14 otu wellington memorial ln281,Aircrew Remembered,,unknown,,,,
melton-mowbray-ln281,melton-mowbray-ln281/ln281-13-aug-1944-melton-mowbray-1-w800-1-w800.jpg,ln281 13 aug 1944 melton mowbray 1 w800 1,Aircrew Remembered,,unknown,,,,
moordown-jp137,moordown-jp137/5a2b04efce2c6_Moordown_Halifax_547x410.jpg,5a2b04efce2c6 Moordown Halifax 547x410,Chris Downer (geograph) licensed for reuse under the Creative Commons License / War Memorials Online,,CC_licensed,yes,,2026-04-06,
mumby-bb216,mumby-bb216/405-squadron-halifax-bb216-lq-d-crew-2-w800-w800.jpg,405 squadron halifax bb216 lq d crew 2,Aircrew Remembered,,unknown,,,,
mumby-bb216,mumby-bb216/405-squadron-halifax-ii-bb216-lq-d-w800-w800.jpg,405 squadron halifax ii bb216 lq d,Aircrew Remembered,,unknown,,,,
mundford-mk773,mundford-mk773/MundfordForest.Lanc_.1_547x410.JPG,MundfordForest.Lanc .1 547x410,Nick2 / War Memorials Online,,unknown,,,,
mundford-mk773,mundford-mk773/MundfordForest.Lanc_.2_547x410.JPG,MundfordForest.Lanc .2 547x410,Nick2 / War Memorials Online,,unknown,,,,
mundford-mk773,mundford-mk773/MundfordForest.Lanc_.3_547x410.JPG,MundfordForest.Lanc .3 547x410,Nick2 / War Memorials Online,,unknown,,,,
mundford-mk773,mundford-mk773/MundfordForest.Lanc_.4_547x410.JPG,MundfordForest.Lanc .4 547x410,Nick2 / War Memorials Online,,unknown,,,,
mundford-mk773,mundford-mk773/5e73756ecd6ab_The_new_plinth_547x410.jpg,5e73756ecd6ab The new plinth 547x410,Nick2 / War Memorials Online,,unknown,,,,
mundford-mk773,mundford-mk773/5e73756f1f1c6_The_New_plinth_2_547x410.jpg,5e73756f1f1c6 The New plinth 2 547x410,Nick2 / War Memorials Online,,unknown,,,,
mundford-mk773,mundford-mk773/5e73756f5bf13_Close_up_of_new_plinth_547x410.jpg,5e73756f5bf13 Close up of new plinth 547x410,Nick2 / War Memorials Online,,unknown,,,,
mundford-mk773,mundford-mk773/5e737865d1417_Access_to_site_547x410.png,5e737865d1417 Access to site 547x410,Nick2 / War Memorials Online,,unknown,,,,
near-sheldon-village-w5795,near-sheldon-village-w5795/5af6a04593912_DSC00361_547x410.JPG,5af6a04593912 DSC00361 547x410,Mike Coyle / War Memorials Online,,unknown,,,,
north-rauceby-wellington-t-2834,north-rauceby-wellington-t-2834/no-3-operational-training-unit-wellington-t2834-w800-w800.jpg,no 3 operational training unit wellington t2834,Aircrew Remembered,,unknown,,,,
north-rauceby-wellington-t-2834,north-rauceby-wellington-t-2834/cranwell-churchyard-st-andrew-w800-w800.jpg,cranwell churchyard st andrew,Aircrew Remembered,,unknown,,,,
north-thoresby-ed583,north-thoresby-ed583/100-squadron-lancaster-iii-ed583-hw-k-crew-w760h570.jpg,100 squadron lancaster iii ed583 hw k crew,Aircrew Remembered,,unknown,,,,
north-thoresby-ed583,north-thoresby-ed583/100-squadron-lancaster-iii-ed583-hw-k-w760h570.jpg,100 squadron lancaster iii ed583 hw k,Aircrew Remembered,,unknown,,,,
north-thoresby-ed583,north-thoresby-ed583/100-squadron-lancaster-iii-ed583-hw-k-w760h570.png,100 squadron lancaster iii ed583 hw k,Aircrew Remembered,,unknown,,,,
north-thoresby-ed583,north-thoresby-ed583/theprovince1943101514-w800.png,theprovince1943101514,Aircrew Remembered,,unknown,,,,
north-thoresby-ed583,north-thoresby-ed583/chesterchronicleandcheshireandnorthwalesgeneraladvertiser194310098-w800.png,chesterchronicleandcheshireandnorthwalesgeneraladvertiser194310098,Aircrew Remembered,,unknown,,,,
north-thoresby-ed583,north-thoresby-ed583/100sqn-ed583-memorial-w800.png,100sqn ed583 memorial,Aircrew Remembered,,unknown,,,,
north-thoresby-ed583,north-thoresby-ed583/combined-graves-ar-1-w800-w800.jpg,combined graves ar 1,Aircrew Remembered,,unknown,,,,
north-thoresby-ed583,north-thoresby-ed583/5cee8008cdccc_Crew_of_ED583_547x410.jpg,5cee8008cdccc Crew of ED583 547x410,John Readman / War Memorials Online,,unknown,,,,
north-thoresby-ed583,north-thoresby-ed583/5cee82ad76c2e_Mian_heading__decoration_and_names_547x410.jpg,5cee82ad76c2e Mian heading  decoration and names 547x410,John Readman / War Memorials Online,,unknown,,,,
north-thoresby-ed583,north-thoresby-ed583/5cee82adc3594_Mian_heading__547x410.jpg,5cee82adc3594 Mian heading  547x410,John Readman / War Memorials Online,,unknown,,,,
north-thoresby-ed583,north-thoresby-ed583/5cee82ae1130d_decoration_547x410.jpg,5cee82ae1130d decoration 547x410,John Readman / War Memorials Online,,unknown,,,,
north-thoresby-ed583,north-thoresby-ed583/5cee82ae510ea_Inscription_on_Larg_Plaque_547x410.jpg,5cee82ae510ea Inscription on Larg Plaque 547x410,John Readman / War Memorials Online,,unknown,,,,
north-thoresby-ed583,north-thoresby-ed583/5cee80085fa3e_Lancaster_ED583_plaque_547x410.jpg,5cee80085fa3e Lancaster ED583 plaque 547x410,John Readman / War Memorials Online,,unknown,,,,
plungar-ed549,plungar-ed549/5bf1ba3656199_20181118_150554_547x410.jpg,5bf1ba3656199 20181118 150554 547x410,Richard Macfarlane / War Memorials Online,,unknown,,,,
plungar-ed549,plungar-ed549/5bf1ba37076fc_20181118_150631_547x410.jpg,5bf1ba37076fc 20181118 150631 547x410,Richard Macfarlane / War Memorials Online,,unknown,,,,
plungar-ed549,plungar-ed549/5efc89adc72d6_20200630_132222_547x410.jpg,5efc89adc72d6 20200630 132222 547x410,Richard Macfarlane / War Memorials Online,,unknown,,,,
plungar-ed549,plungar-ed549/5efc89aea01d0_20200630_132230_547x410.jpg,5efc89aea01d0 20200630 132230 547x410,Richard Macfarlane / War Memorials Online,,unknown,,,,
plungar-ed549,plungar-ed549/5efc89af573c7_20200630_132240_547x410.jpg,5efc89af573c7 20200630 132240 547x410,Richard Macfarlane / War Memorials Online,,unknown,,,,
plungar-ed549,plungar-ed549/5efc89afd62bd_20200630_132345_547x410.jpg,5efc89afd62bd 20200630 132345 547x410,Richard Macfarlane / War Memorials Online,,unknown,,,,
plungar-ed549,plungar-ed549/5efc89b06ac2d_20200630_132411_547x410.jpg,5efc89b06ac2d 20200630 132411 547x410,Richard Macfarlane / War Memorials Online,,unknown,,,,
revesby-nd415,revesby-nd415/5cf6a5890e4b5_Revesby_WW2._547x410.jpg,5cf6a5890e4b5 Revesby WW2. 547x410,Mike Peck / War Memorials Online,,unknown,,,,
revesby-nd415,revesby-nd415/5d23a01ac839b_LI_Revesby_Church_1_547x410.JPG,5d23a01ac839b LI Revesby Church 1 547x410,Mike Peck / War Memorials Online,,unknown,,,,
revesby-nd415,revesby-nd415/5d23a01c161e3_LI_Revesby_Church_2_547x410.JPG,5d23a01c161e3 LI Revesby Church 2 547x410,Mike Peck / War Memorials Online,,unknown,,,,
revesby-nd415,revesby-nd415/5d23a01d61d34_LI_Revesby_Church_3_547x410.JPG,5d23a01d61d34 LI Revesby Church 3 547x410,Mike Peck / War Memorials Online,,unknown,,,,
revesby-nd415,revesby-nd415/5d23a01eaffb5_LI_Revesby_Church_4_547x410.JPG,5d23a01eaffb5 LI Revesby Church 4 547x410,Mike Peck / War Memorials Online,,unknown,,,,
salthouse-lm720,salthouse-lm720/61-squadron-lancaster-iii-lm720-qr-d-1-w800-w800.jpg,61 squadron lancaster iii lm720 qr d 1,Aircrew Remembered,,unknown,,,,
salthouse-lm720,salthouse-lm720/61-squadron-lancaster-iii-lm720-qr-d-crew-1-w800-w800.jpg,61 squadron lancaster iii lm720 qr d crew 1,Aircrew Remembered,,unknown,,,,
salthouse-lm720,salthouse-lm720/61-squadron-lancaster-iii-lm720-crew-members-w800-w800.jpg,61 squadron lancaster iii lm720 crew members,Aircrew Remembered,,unknown,,,,
salthouse-lm720,salthouse-lm720/61-squadron-lancaster-iii-lm720-pylon-w800-w800.jpg,61 squadron lancaster iii lm720 pylon,Aircrew Remembered,,unknown,,,,
salthouse-lm720,salthouse-lm720/61-squadron-lancaster-iii-lm720-memorial-w800-w800.jpg,61 squadron lancaster iii lm720 memorial,Aircrew Remembered,,unknown,,,,
salthouse-lm720,salthouse-lm720/61sqn-edward-j-boakes-headstone-1-w800.jpg,61sqn edward j boakes headstone 1,Aircrew Remembered,,unknown,,,,
salthouse-lm720,salthouse-lm720/61sqn-edward-j-boakes-headstone-2-w800.jpg,61sqn edward j boakes headstone 2,Aircrew Remembered,,unknown,,,,
screveton-1-wellington-w-4103,screveton-1-wellington-w-4103/fo-henry-holmes-richardson-dfm-and-grave-w800-w800.jpg,fo henry holmes richardson dfm and grave,Aircrew Remembered,,unknown,,,,
screveton-1-wellington-w-4103,screveton-1-wellington-w-4103/po-patrick-william-laidler-memorial-to-crews-1-w800-w800.jpg,po patrick william laidler memorial to crews 1,Aircrew Remembered,,unknown,,,,
screveton-1-wellington-w-4103,screveton-1-wellington-w-4103/5-lancaster-finishing-school-lancaster-i-w4103-w760.jpg,5 lancaster finishing school lancaster i,Aircrew Remembered,,unknown,,,,
screveton-1-wellington-w-4103,screveton-1-wellington-w-4103/lancaster-i-w4103-oxford-lb415-memorial-w760.jpg,lancaster i w4103 oxford lb415 memorial,Aircrew Remembered,,unknown,,,,
somersham-x3811,somersham-x3811/5d16695497501_Somersham_1_547x410.JPG,5d16695497501 Somersham 1 547x410,Tony Hibberd / War Memorials Online,,unknown,,,,
somersham-x3811,somersham-x3811/5d1669558fc2b_Somersham_2_547x410.JPG,5d1669558fc2b Somersham 2 547x410,Tony Hibberd / War Memorials Online,,unknown,,,,
south-kyme-lk954,south-kyme-lk954/5d257344c29b2_LI_South_Kyme_1_547x410.JPG,5d257344c29b2 LI South Kyme 1 547x410,Tony Hibberd / War Memorials Online,,unknown,,,,
south-kyme-lk954,south-kyme-lk954/5d257345c345f_LI_South_Kyme_2_547x410.JPG,5d257345c345f LI South Kyme 2 547x410,Tony Hibberd / War Memorials Online,,unknown,,,,
south-kyme-lk954,south-kyme-lk954/5d257346a4b4f_LI_South_Kyme_3_547x410.JPG,5d257346a4b4f LI South Kyme 3 547x410,Tony Hibberd / War Memorials Online,,unknown,,,,
staunton-in-the-vale-wellington-w-4270,staunton-in-the-vale-wellington-w-4270/61-squadron-lancaster-i-w4270-crew-w800-1-w800.jpg,61 squadron lancaster i w4270 crew w800 1,Aircrew Remembered,,unknown,,,,
staunton-in-the-vale-wellington-w-4270,staunton-in-the-vale-wellington-w-4270/61-squadron-lancaster-w4270-sgt.-george-arthur-hitchon-and-sgt.-james-milton-whitehead--w640h480.jpg,61 squadron lancaster w4270 sgt. george arthur hitchon and sgt. james milton whitehead,Aircrew Remembered,,unknown,,,,
staunton-in-the-vale-wellington-w-4270,staunton-in-the-vale-wellington-w-4270/61-squadron-lancaster-i-w4270-memorial-w640h480.jpg,61 squadron lancaster i w4270 memorial,Aircrew Remembered,,unknown,,,,
staunton-in-the-vale-wellington-w-4270,staunton-in-the-vale-wellington-w-4270/61-squadron-lancaster-i-w4270-w800-w800.jpg,61 squadron lancaster i w4270,Aircrew Remembered,,unknown,,,,
staunton-in-the-vale-wellington-w-4270,staunton-in-the-vale-wellington-w-4270/61-squadron-lancaster-w4270-thomas-herb-warnes-funeral-at-newark-cemetery-1-w800-w800.jpg,61 squadron lancaster w4270 thomas herb warnes funeral at newark cemetery 1,Aircrew Remembered,,unknown,,,,
staunton-in-the-vale-wellington-w-4270,staunton-in-the-vale-wellington-w-4270/61-squadron-lancaster-w4270-sgt.-thomas-herbert-warne-r102085-r.c.a.f.-w640h480.jpg,61 squadron lancaster w4270 sgt. thomas herbert warne r102085 r.c.a.f.,Aircrew Remembered,,unknown,,,,
stoke-holy-cross-blenheim-z-7304,stoke-holy-cross-blenheim-z-7304/18-squadron-blenheim-iv-z7304-w800-w800.jpg,18 squadron blenheim iv z7304,Aircrew Remembered,,unknown,,,,
stoke-holy-cross-blenheim-z-7304,stoke-holy-cross-blenheim-z-7304/18-squadron-blenheim-iv-z7304-memorial-w640h480.jpg,18 squadron blenheim iv z7304 memorial,Aircrew Remembered,,unknown,,,,
stoke-holy-cross-blenheim-z-7304,stoke-holy-cross-blenheim-z-7304/18-squadron-blenheim-iv-z7304-memorial-inscription-w640h480.jpg,18 squadron blenheim iv z7304 memorial inscription,Aircrew Remembered,,unknown,,,,
stoke-holy-cross-blenheim-z-7304,stoke-holy-cross-blenheim-z-7304/po-philip-henry-lowther-grave-w800-w800.jpg,po philip henry lowther grave,Aircrew Remembered,,unknown,,,,
stoke-holy-cross-blenheim-z-7304,stoke-holy-cross-blenheim-z-7304/18-squadron-blenheim-iv-z7304-mr-kenneth-tagg-w640h480.jpg,18 squadron blenheim iv z7304 mr kenneth tagg,Aircrew Remembered,,unknown,,,,
stoke-rochford-hall-lm719,stoke-rochford-hall-lm719/5a0733e7e9eb2_DSC_0021_547x410.JPG,5a0733e7e9eb2 DSC 0021 547x410,David Jones / War Memorials Online,,unknown,,,,
stoke-rochford-hall-lm719,stoke-rochford-hall-lm719/5a0733e86ed39_DSC_0073_547x410.JPG,5a0733e86ed39 DSC 0073 547x410,David Jones / War Memorials Online,,unknown,,,,
stoke-rochford-hall-lm719,stoke-rochford-hall-lm719/5a0733e9040d4_DSC_0138_547x410.JPG,5a0733e9040d4 DSC 0138 547x410,David Jones / War Memorials Online,,unknown,,,,
stoke-rochford-hall-lm719,stoke-rochford-hall-lm719/5a0735038e22b_DSC_0141_547x410.JPG,5a0735038e22b DSC 0141 547x410,David Jones / War Memorials Online,,unknown,,,,
stoke-rochford-hall-lm719,stoke-rochford-hall-lm719/5a0735040ede3_DSC_0175_547x410.JPG,5a0735040ede3 DSC 0175 547x410,David Jones / War Memorials Online,,unknown,,,,
stoke-rochford-hall-lm719,stoke-rochford-hall-lm719/5a07350493a04_DSC_0176_547x410.JPG,5a07350493a04 DSC 0176 547x410,David Jones / War Memorials Online,,unknown,,,,
stoke-rochford-hall-lm719,stoke-rochford-hall-lm719/5a073504e602e_DSC_0180_547x410.JPG,5a073504e602e DSC 0180 547x410,David Jones / War Memorials Online,,unknown,,,,
stoke-rochford-hall-lm719,stoke-rochford-hall-lm719/5a0735056fcac_1._Stoke_Rochford_11_Nov_2017_547x410.JPG,5a0735056fcac 1. Stoke Rochford 11 Nov 2017 547x410,David Jones / War Memorials Online,,unknown,,,,
sturton-by-stow-lancaster-r-5676,sturton-by-stow-lancaster-r-5676/5cc01f8782609_Lancaster_Farm_1_547x410.jpg,5cc01f8782609 Lancaster Farm 1 547x410,Charles J Anderson / War Memorials Online,,unknown,,,,
sturton-by-stow-lancaster-r-5676,sturton-by-stow-lancaster-r-5676/5cc01f880b736_Lancaster_Farm_2_547x410.jpg,5cc01f880b736 Lancaster Farm 2 547x410,Charles J Anderson / War Memorials Online,,unknown,,,,
sturton-by-stow-lancaster-r-5676,sturton-by-stow-lancaster-r-5676/642e8cf811f7e_Jackie_Gorman_03.04.2023_2_547x410.jpg,642e8cf811f7e Jackie Gorman 03.04.2023 2 547x410,Charles J Anderson / War Memorials Online,,unknown,,,,
sturton-by-stow-lancaster-r-5676,sturton-by-stow-lancaster-r-5676/642e8cf856e68_Jackie_Gorman_03.04.2023_547x410.jpg,642e8cf856e68 Jackie Gorman 03.04.2023 547x410,Charles J Anderson / War Memorials Online,,unknown,,,,
tattershall-1-w4175,tattershall-1-w4175/5d239793adb5a_LI_Tattershall_1_547x410.JPG,5d239793adb5a LI Tattershall 1 547x410,Tony Hibberd / War Memorials Online,,unknown,,,,
tattershall-1-w4175,tattershall-1-w4175/5d2397952da76_LI_Tattershall_2_547x410.JPG,5d2397952da76 LI Tattershall 2 547x410,Tony Hibberd / War Memorials Online,,unknown,,,,
tattershall-1-w4175,tattershall-1-w4175/5d23979679970_LI_Tattershall_3_547x410.JPG,5d23979679970 LI Tattershall 3 547x410,Tony Hibberd / War Memorials Online,,unknown,,,,
tattershall-1-w4175,tattershall-1-w4175/68d68c91a57cb_IMG_5491_547x410.JPG,68d68c91a57cb IMG 5491 547x410,Tony Hibberd / War Memorials Online,,unknown,,,,
tattershall-1-w4175,tattershall-1-w4175/68d68c92989be_IMG_5492_547x410.JPG,68d68c92989be IMG 5492 547x410,Tony Hibberd / War Memorials Online,,unknown,,,,
tattershall-1-w4175,tattershall-1-w4175/68d68c93717df_IMG_5493_547x410.JPG,68d68c93717df IMG 5493 547x410,Tony Hibberd / War Memorials Online,,unknown,,,,
tattershall-2-pb422,tattershall-2-pb422/5d239793adb5a_LI_Tattershall_1_547x410.JPG,5d239793adb5a LI Tattershall 1 547x410,Tony Hibberd / War Memorials Online,,unknown,,,,
tattershall-2-pb422,tattershall-2-pb422/5d2397952da76_LI_Tattershall_2_547x410.JPG,5d2397952da76 LI Tattershall 2 547x410,Tony Hibberd / War Memorials Online,,unknown,,,,
tattershall-2-pb422,tattershall-2-pb422/5d23979679970_LI_Tattershall_3_547x410.JPG,5d23979679970 LI Tattershall 3 547x410,Tony Hibberd / War Memorials Online,,unknown,,,,
tattershall-2-pb422,tattershall-2-pb422/68d68c91a57cb_IMG_5491_547x410.JPG,68d68c91a57cb IMG 5491 547x410,Tony Hibberd / War Memorials Online,,unknown,,,,
tattershall-2-pb422,tattershall-2-pb422/68d68c92989be_IMG_5492_547x410.JPG,68d68c92989be IMG 5492 547x410,Tony Hibberd / War Memorials Online,,unknown,,,,
tattershall-2-pb422,tattershall-2-pb422/68d68c93717df_IMG_5493_547x410.JPG,68d68c93717df IMG 5493 547x410,Tony Hibberd / War Memorials Online,,unknown,,,,
upwaltham-dv382,upwaltham-dv382/pulford-from-iwm-w760.jpg,pulford from iwm,Aircrew Remembered,,unknown,,,,
upwaltham-dv382,upwaltham-dv382/left-to-right-hall-and-gordon-from-australian-war-memorial-3-w760.jpg,left to right hall and gordon from australian war memorial 3,Aircrew Remembered,,unknown,,,,
upwaltham-dv382,upwaltham-dv382/suggitt-ewport-on-flying-accident-pg-2-3-w800-w800.jpg,suggitt ewport on flying accident pg 2 3,Aircrew Remembered,,unknown,,,,
upwaltham-dv382,upwaltham-dv382/suggitt-report-on-flying-accident-pg-1-w800-w800.jpg,suggitt report on flying accident pg 1,Aircrew Remembered,,unknown,,,,
upwaltham-dv382,upwaltham-dv382/john-irvine-gordon-from-australian-war-memorial-3-w760.jpg,john irvine gordon from australian war memorial 3,Aircrew Remembered,,unknown,,,,
upwaltham-dv382,upwaltham-dv382/riches-john-paul-from-special-forces-roll-of-honour-2-w760.png,riches john paul from special forces roll of honour 2,Aircrew Remembered,,unknown,,,,
waithe-1-jb678,waithe-1-jb678/5cab2007c809e_Capture_547x410.JPG,5cab2007c809e Capture 547x410,Grimsby Telegraph / War Memorials Online,,unknown,,,,
waithe-1-jb678,waithe-1-jb678/5cab200837f7d_Waithe_House_Farm_2_547x410.jpg,5cab200837f7d Waithe House Farm 2 547x410,Grimsby Telegraph / War Memorials Online,,unknown,,,,
waithe-1-jb678,waithe-1-jb678/5cab2009188f7_Waithe_House_Farm_4_547x410.jpg,5cab2009188f7 Waithe House Farm 4 547x410,Grimsby Telegraph / War Memorials Online,,unknown,,,,
waithe-2-jb674,waithe-2-jb674/5cab2007c809e_Capture_547x410.JPG,5cab2007c809e Capture 547x410,Grimsby Telegraph / War Memorials Online,,unknown,,,,
waithe-2-jb674,waithe-2-jb674/5cab200837f7d_Waithe_House_Farm_2_547x410.jpg,5cab200837f7d Waithe House Farm 2 547x410,Grimsby Telegraph / War Memorials Online,,unknown,,,,
waithe-2-jb674,waithe-2-jb674/5cab2009188f7_Waithe_House_Farm_4_547x410.jpg,5cab2009188f7 Waithe House Farm 4 547x410,Grimsby Telegraph / War Memorials Online,,unknown,,,,
waithe-4-jb560,waithe-4-jb560/5cab2007c809e_Capture_547x410.JPG,5cab2007c809e Capture 547x410,Grimsby Telegraph / War Memorials Online,,unknown,,,,
waithe-4-jb560,waithe-4-jb560/5cab200837f7d_Waithe_House_Farm_2_547x410.jpg,5cab200837f7d Waithe House Farm 2 547x410,Grimsby Telegraph / War Memorials Online,,unknown,,,,
waithe-4-jb560,waithe-4-jb560/5cab2009188f7_Waithe_House_Farm_4_547x410.jpg,5cab2009188f7 Waithe House Farm 4 547x410,Grimsby Telegraph / War Memorials Online,,unknown,,,,
walton-on-the-naze-rg475,walton-on-the-naze-rg475/7_Halifax_RCAF_bomber_fixed_547x410.jpg,7 Halifax RCAF bomber fixed 547x410,Leslie Scarborough / War Memorials Online,,unknown,,,,
walton-on-the-naze-rg475,walton-on-the-naze-rg475/09_0_547x410.jpg,09 0 547x410,Leslie Scarborough / War Memorials Online,,unknown,,,,
walton-on-the-naze-rg475,walton-on-the-naze-rg475/010_0_547x410.jpg,010 0 547x410,Leslie Scarborough / War Memorials Online,,unknown,,,,
wellington-he324-crash-site-he324,wellington-he324-crash-site-he324/5a8ae1b0c2c61_Horwood_Wellington_Crash_547x410.jpg,5a8ae1b0c2c61 Horwood Wellington Crash 547x410,https://www.horwooddevon.co.uk/air-crash-memorial/ / War Memorials Online,,unknown,,,,
wellington-he324-crash-site-he324,wellington-he324-crash-site-he324/6884a62c31088_PXL_20250725_104527394_547x410.jpg,6884a62c31088 PXL 20250725 104527394 547x410,https://www.horwooddevon.co.uk/air-crash-memorial/ / War Memorials Online,,unknown,,,,
westborough-lm619,westborough-lm619/5d2b7ad43ec4d_LI_Westborough_1_547x410.JPG,5d2b7ad43ec4d LI Westborough 1 547x410,Tony Hibberd / War Memorials Online,,unknown,,,,
westborough-lm619,westborough-lm619/5d2b7ad5a176d_LI_Westborough_2_547x410.JPG,5d2b7ad5a176d LI Westborough 2 547x410,Tony Hibberd / War Memorials Online,,unknown,,,,
westborough-lm619,westborough-lm619/5d2b7ad6d7656_LI_Westborough_3_547x410.JPG,5d2b7ad6d7656 LI Westborough 3 547x410,Tony Hibberd / War Memorials Online,,unknown,,,,
westborough-lm619,westborough-lm619/5d2b7ad81e608_LI_Westborough_4_547x410.JPG,5d2b7ad81e608 LI Westborough 4 547x410,Tony Hibberd / War Memorials Online,,unknown,,,,
westborough-lm619,westborough-lm619/6717cd5b41f78_IMG_3742_547x410.JPG,6717cd5b41f78 IMG 3742 547x410,Tony Hibberd / War Memorials Online,,unknown,,,,
westborough-lm619,westborough-lm619/6717cd5e248ec_IMG_3743_547x410.JPG,6717cd5e248ec IMG 3743 547x410,Tony Hibberd / War Memorials Online,,unknown,,,,
westborough-lm619,westborough-lm619/6717cd606ce41_IMG_3748_547x410.JPG,6717cd606ce41 IMG 3748 547x410,Tony Hibberd / War Memorials Online,,unknown,,,,
westborough-lm619,westborough-lm619/6717cd62edb73_IMG_3749_547x410.JPG,6717cd62edb73 IMG 3749 547x410,Tony Hibberd / War Memorials Online,,unknown,,,,
westborough-lm619,westborough-lm619/6717cd654d7a6_IMG_3746_547x410.JPG,6717cd654d7a6 IMG 3746 547x410,Tony Hibberd / War Memorials Online,,unknown,,,,
withcall-hk194,withcall-hk194/mosquito-hk194-ew-l-memorial-w800-w800.jpg,mosquito hk194 ew l memorial,Aircrew Remembered,,unknown,,,,
withcall-hk194,withcall-hk194/307-squadron-mosquito-xii-e-hk194-ew-l-crash-area-w760.jpg,307 squadron mosquito xii e hk194 ew l crash area,Aircrew Remembered,,unknown,,,,
withcall-hk194,withcall-hk194/307-squadron-mosquito-xii-hk-194-1-w800.jpg,307 squadron mosquito xii hk 194 1,Aircrew Remembered,,unknown,,,,
withcall-hk194,withcall-hk194/course-15-at-58-otu-grangemouth-2-w800-w800.jpg,course 15 at 58 otu grangemouth 2,Aircrew Remembered,,unknown,,,,
withcall-hk194,withcall-hk194/307-squadron-mosquito-xii-e-hk194-ew-l-newark-cemetery-1-w800-1-w800.jpg,307 squadron mosquito xii e hk194 ew l newark cemetery 1 w800 1,Aircrew Remembered,,unknown,,,,
yelling-jb477,yelling-jb477/DSCN1125_0_547x410.JPG,DSCN1125 0 547x410,Susan Crosland / War Memorials Online,,unknown,,,,
yelling-jb477,yelling-jb477/DSCN1126_0_547x410.JPG,DSCN1126 0 547x410,Susan Crosland / War Memorials Online,,unknown,,,,
yelling-jb477,yelling-jb477/DSCN1126_547x410.JPG,DSCN1126 547x410,Susan Crosland / War Memorials Online,,unknown,,,,
